Prefixo,qtd_formularios,linhas_excel,datas,garagens,existe_no_cftv
11038,1,184,"quinta-feira, setembro 17, 2026 01:06",Santa Brigida,True
11044,1,234,"quarta-feira, setembro 16, 2026 02:41",Santa Brigida,True
11052,1,229,"quarta-feira, setembro 16, 2026 02:57",Santa Brigida,True
11053,1,188,"quinta-feira, setembro 17, 2026 00:39",Santa Brigida,True
11055,1,220,"quarta-feira, setembro 16, 2026 03:19",Santa Brigida,True
11061,1,249,"quarta-feira, setembro 16, 2026 01:30",Santa Brigida,True
11064,1,247,"quarta-feira, setembro 16, 2026 01:39",Santa Brigida,True
11067,1,238,"quarta-feira, setembro 16, 2026 02:29",Santa Brigida,True
11068,1,242,"quarta-feira, setembro 16, 2026 02:19",Santa Brigida,True
11072,1,81,"terça-feira, setembro 22, 2026 02:52",Santa Brigida,True
11078,1,185,"quinta-feira, setembro 17, 2026 00:54",Santa Brigida,True
11086,1,215,"quarta-feira, setembro 16, 2026 03:39",Santa Brigida,True
11088,1,175,"quinta-feira, setembro 17, 2026 01:42",Santa Brigida,True
11097,1,253,"quarta-feira, setembro 16, 2026 00:59",Santa Brigida,True
11100,1,214,"quarta-feira, setembro 16, 2026 03:47",Santa Brigida,True
11101,1,224,"quarta-feira, setembro 16, 2026 03:11",Santa Brigida,True
11103,2,"125,181","sábado, setembro 19, 2026 00:57 | quinta-feira, setembro 17, 2026 01:17",Santa Brigida,True
11109,1,257,"quarta-feira, setembro 16, 2026 00:42",Santa Brigida,True
11111,1,232,"quarta-feira, setembro 16, 2026 02:49",Santa Brigida,True
11435,1,111,"sábado, setembro 19, 2026 03:25",Santa Brigida,False
11452,1,260,"quarta-feira, setembro 16, 2026 00:21",Santa Brigida,True
11457,1,9,"sexta-feira, setembro 25, 2026 03:10",Santa Brigida,True
11471,1,20,"quinta-feira, setembro 24, 2026 03:25",Santa Brigida,True
11536,1,157,"quinta-feira, setembro 17, 2026 03:39",Santa Brigida,True
11661,1,282,"terça-feira, setembro 15, 2026 01:39",Santa Brigida,True
11669,1,159,"quinta-feira, setembro 17, 2026 03:29",Santa Brigida,True
11677,1,5,"sexta-feira, setembro 25, 2026 03:50",Santa Brigida,True
11682,1,4,"sexta-feira, setembro 25, 2026 04:02",Santa Brigida,True
11689,1,169,"quinta-feira, setembro 17, 2026 02:16",Santa Brigida,True
11691,1,168,"quinta-feira, setembro 17, 2026 02:34",Santa Brigida,True
11694,1,6,"sexta-feira, setembro 25, 2026 03:43",Santa Brigida,True
11695,1,160,"quinta-feira, setembro 17, 2026 03:17",Santa Brigida,True
11714,1,165,"quinta-feira, setembro 17, 2026 02:55",Santa Brigida,True
11725,1,285,"terça-feira, setembro 15, 2026 00:58",Santa Brigida,True
11738,1,115,"sábado, setembro 19, 2026 02:21",Santa Brigida,True
11744,1,283,"terça-feira, setembro 15, 2026 01:23",Santa Brigida,True
11754,1,25,"quinta-feira, setembro 24, 2026 02:24",Santa Brigida,True
11755,1,117,"sábado, setembro 19, 2026 01:40",Santa Brigida,True
11759,1,114,"sábado, setembro 19, 2026 02:30",Santa Brigida,True
11764,1,172,"quinta-feira, setembro 17, 2026 01:55",Santa Brigida,True
11775,1,21,"quinta-feira, setembro 24, 2026 03:00",Santa Brigida,True
11786,1,7,"sexta-feira, setembro 25, 2026 03:32",Santa Brigida,True
11796,1,79,"terça-feira, setembro 22, 2026 03:42",Santa Brigida,True
11801,1,279,"terça-feira, setembro 15, 2026 01:52",Santa Brigida,True
11807,1,28,"quinta-feira, setembro 24, 2026 02:09",Santa Brigida,True
11810,1,276,"terça-feira, setembro 15, 2026 02:06",Santa Brigida,True
11819,1,116,"sábado, setembro 19, 2026 02:11",Santa Brigida,True
11829,1,23,"quinta-feira, setembro 24, 2026 02:39",Santa Brigida,True
11831,1,288,"terça-feira, setembro 15, 2026 00:41",Santa Brigida,True
11834,1,284,"terça-feira, setembro 15, 2026 01:10",Santa Brigida,True
11840,1,273,"terça-feira, setembro 15, 2026 02:14",Santa Brigida,True
11857,1,8,"sexta-feira, setembro 25, 2026 03:19",Santa Brigida,True
11873,1,39,"quinta-feira, setembro 24, 2026 00:54",Santa Brigida,True
11874,1,11,"sexta-feira, setembro 25, 2026 02:28",Santa Brigida,True
11880,1,36,"quinta-feira, setembro 24, 2026 01:30",Santa Brigida,True
11883,1,13,"sexta-feira, setembro 25, 2026 01:51",Santa Brigida,True
11884,1,113,"sábado, setembro 19, 2026 02:54",Santa Brigida,True
11903,1,35,"quinta-feira, setembro 24, 2026 01:49",Santa Brigida,True
31003,1,97,"segunda-feira, setembro 21, 2026 14:56",Viação Metrópole Iguatemi,True
31005,1,324,"sexta-feira, setembro 11, 2026 09:02",Viação Metrópole Iguatemi,True
31011,1,301,"segunda-feira, setembro 14, 2026 11:58",Viação Metrópole Iguatemi,True
31012,1,255,"quarta-feira, setembro 16, 2026 00:49",Viação Metrópole Iguatemi,True
31014,1,102,"segunda-feira, setembro 21, 2026 08:28",Viação Metrópole Iguatemi,True
31093,1,325,"sexta-feira, setembro 11, 2026 03:08",Viação Metrópole Iguatemi,True
31094,1,142,"sexta-feira, setembro 18, 2026 14:54",Viação Metrópole Iguatemi,True
31095,1,318,"sexta-feira, setembro 11, 2026 14:54",Viação Metrópole Iguatemi,True
31100,1,205,"quarta-feira, setembro 16, 2026 11:56",Viação Metrópole Iguatemi,True
31105,1,317,"sexta-feira, setembro 11, 2026 15:30",Viação Metrópole Iguatemi,True
31120,1,90,"segunda-feira, setembro 21, 2026 23:09",Viação Metrópole Imperador,True
31136,1,124,"sábado, setembro 19, 2026 01:11",Viação Metrópole Imperador,True
31157,1,80,"terça-feira, setembro 22, 2026 02:58",Viação Metrópole Imperador,True
31165,1,126,"sábado, setembro 19, 2026 00:38",Viação Metrópole Imperador,True
31180,1,167,"quinta-feira, setembro 17, 2026 02:45",Viação Metrópole Imperador,True
31182,1,264,"terça-feira, setembro 15, 2026 23:26",Viação Metrópole Imperador,True
31204,1,158,"quinta-feira, setembro 17, 2026 03:33",Viação Metrópole Imperador,True
31205,1,153,"quinta-feira, setembro 17, 2026 04:51",Viação Metrópole Imperador,True
31210,1,223,"quarta-feira, setembro 16, 2026 03:00",Viação Metrópole Imperador,True
31212,1,176,"quinta-feira, setembro 17, 2026 01:21",Viação Metrópole Imperador,True
31245,1,101,"segunda-feira, setembro 21, 2026 09:55",Viação Metrópole Iguatemi,True
31255,1,251,"quarta-feira, setembro 16, 2026 01:22",Viação Metrópole Iguatemi,True
31260,1,75,"terça-feira, setembro 22, 2026 22:31",Viação Metrópole Iguatemi,True
31262,1,144,"sexta-feira, setembro 18, 2026 13:43",Viação Metrópole Iguatemi,True
31269,1,52,"quarta-feira, setembro 23, 2026 23:28",Viação Metrópole Imperador,True
31299,1,275,"terça-feira, setembro 15, 2026 02:01",Viação Metrópole Imperador,True
31484,1,320,"sexta-feira, setembro 11, 2026 12:22",Viação Metrópole Iguatemi,True
31486,1,203,"quarta-feira, setembro 16, 2026 13:17",Viação Metrópole Iguatemi,True
31503,1,231,"quarta-feira, setembro 16, 2026 02:50",Viação Metrópole Iguatemi,True
31560,1,235,"quarta-feira, setembro 16, 2026 02:35",Viação Metrópole Iguatemi,True
31590,1,323,"sexta-feira, setembro 11, 2026 10:24",Viação Metrópole Iguatemi,True
31593,1,147,"sexta-feira, setembro 18, 2026 11:23",Viação Metrópole Iguatemi,True
31615,1,259,"quarta-feira, setembro 16, 2026 00:23",Viação Metrópole Iguatemi,True
31622,1,204,"quarta-feira, setembro 16, 2026 12:26",Viação Metrópole Iguatemi,True
31624,1,245,"quarta-feira, setembro 16, 2026 01:59",Viação Metrópole Iguatemi,True
31629,1,294,"terça-feira, setembro 15, 2026 00:00",Viação Metrópole Imperador,True
31635,1,18,"quinta-feira, setembro 24, 2026 09:19",Viação Metrópole Iguatemi,True
31651,1,45,"quinta-feira, setembro 24, 2026 00:24",Viação Metrópole Imperador,True
31652,1,32,"quinta-feira, setembro 24, 2026 01:51",Viação Metrópole Imperador,True
31654,2,"206,211","quarta-feira, setembro 16, 2026 10:22 | quarta-feira, setembro 16, 2026 04:07",Viação Metrópole Iguatemi,True
31656,1,74,"terça-feira, setembro 22, 2026 23:31",Viação Metrópole Iguatemi,True
31657,1,270,"terça-feira, setembro 15, 2026 11:22",Viação Metrópole Iguatemi,True
31661,1,150,"quinta-feira, setembro 17, 2026 09:11",Viação Metrópole Iguatemi,True
31664,1,145,"sexta-feira, setembro 18, 2026 12:18",Viação Metrópole Iguatemi,True
31667,1,98,"segunda-feira, setembro 21, 2026 13:05",Viação Metrópole Iguatemi,True
31668,1,302,"segunda-feira, setembro 14, 2026 11:35",Viação Metrópole Iguatemi,True
31670,2,"148,305","quinta-feira, setembro 17, 2026 11:13 | segunda-feira, setembro 14, 2026 09:15",Viação Metrópole Iguatemi,True
31673,1,100,"segunda-feira, setembro 21, 2026 11:43",Viação Metrópole Iguatemi,True
31700,1,287,"terça-feira, setembro 15, 2026 00:43",Viação Metrópole Imperador,True
31733,1,26,"quinta-feira, setembro 24, 2026 02:17",Viação Metrópole Imperador,True
31738,1,60,"quarta-feira, setembro 23, 2026 02:38",Viação Metrópole Imperador,True
31750,1,58,"quarta-feira, setembro 23, 2026 03:10",Viação Metrópole Imperador,True
31751,1,38,"quinta-feira, setembro 24, 2026 01:07",Viação Metrópole Imperador,True
31753,2,"72,267","quarta-feira, setembro 23, 2026 00:06 | terça-feira, setembro 15, 2026 15:41",Viação Metrópole Iguatemi,True
31755,1,222,"quarta-feira, setembro 16, 2026 03:11",Viação Metrópole Iguatemi,True
31758,1,16,"quinta-feira, setembro 24, 2026 11:41",Viação Metrópole Iguatemi,True
31760,1,69,"quarta-feira, setembro 23, 2026 00:43",Viação Metrópole Iguatemi,True
31761,1,17,"quinta-feira, setembro 24, 2026 10:18",Viação Metrópole Iguatemi,True
31762,1,64,"quarta-feira, setembro 23, 2026 01:46",Viação Metrópole Imperador,True
31763,1,56,"quarta-feira, setembro 23, 2026 03:30",Viação Metrópole Imperador,True
31771,1,143,"sexta-feira, setembro 18, 2026 14:07",Viação Metrópole Iguatemi,True
31775,1,313,"sábado, setembro 12, 2026 03:27",Viação Metrópole Iguatemi,True
31786,1,51,"quinta-feira, setembro 24, 2026 00:01",Viação Metrópole Imperador,True
31787,1,86,"terça-feira, setembro 22, 2026 00:38",Viação Metrópole Imperador,True
31795,1,71,"quarta-feira, setembro 23, 2026 00:14",Viação Metrópole Imperador,True
31816,1,149,"quinta-feira, setembro 17, 2026 09:36",Viação Metrópole Iguatemi,True
31818,2,"216,268","quarta-feira, setembro 16, 2026 03:23 | terça-feira, setembro 15, 2026 13:28",Viação Metrópole Iguatemi,True
31822,1,303,"segunda-feira, setembro 14, 2026 11:15",Viação Metrópole Iguatemi,True
31823,1,146,"sexta-feira, setembro 18, 2026 11:45",Viação Metrópole Iguatemi,True
31841,1,272,"terça-feira, setembro 15, 2026 06:08",Viação Metrópole Itaim,True
31844,1,230,"quarta-feira, setembro 16, 2026 02:49",Viação Metrópole Itaim,True
31859,1,99,"segunda-feira, setembro 21, 2026 12:42",Viação Metrópole Iguatemi,True
31862,1,304,"segunda-feira, setembro 14, 2026 10:51",Viação Metrópole Iguatemi,True
31927,1,78,"terça-feira, setembro 22, 2026 04:26",Viação Metrópole Imperador,True
31948,1,207,"quarta-feira, setembro 16, 2026 08:53",Viação Metrópole Iguatemi,True
31949,1,201,"quarta-feira, setembro 16, 2026 14:08",Viação Metrópole Iguatemi,True
31950,1,151,"quinta-feira, setembro 17, 2026 08:32",Viação Metrópole Iguatemi,True
31951,1,202,"quarta-feira, setembro 16, 2026 13:51",Viação Metrópole Iguatemi,True
31952,1,322,"sexta-feira, setembro 11, 2026 11:17",Viação Metrópole Iguatemi,True
31953,1,269,"terça-feira, setembro 15, 2026 12:02",Viação Metrópole Iguatemi,True
31955,1,306,"segunda-feira, setembro 14, 2026 08:35",Viação Metrópole Iguatemi,True
31956,1,319,"sexta-feira, setembro 11, 2026 14:09",Viação Metrópole Iguatemi,True
31960,1,321,"sexta-feira, setembro 11, 2026 11:43",Viação Metrópole Iguatemi,True
31962,1,271,"terça-feira, setembro 15, 2026 08:25",Viação Metrópole Iguatemi,True
31964,1,252,"quarta-feira, setembro 16, 2026 01:00",Viação Metrópole Itaim,True
31972,1,187,"quinta-feira, setembro 17, 2026 00:39",Viação Metrópole Itaim,True
31973,1,250,"quarta-feira, setembro 16, 2026 01:25",Viação Metrópole Itaim,True
31980,1,262,"quarta-feira, setembro 16, 2026 00:03",Viação Metrópole Itaim,True
31983,1,261,"quarta-feira, setembro 16, 2026 00:10",Viação Metrópole Itaim,True
31984,1,258,"quarta-feira, setembro 16, 2026 00:38",Viação Metrópole Itaim,True
31986,1,296,"segunda-feira, setembro 14, 2026 23:53",Viação Metrópole Itaim,True
32038,1,300,"segunda-feira, setembro 14, 2026 22:25",Viação Metrópole AE Carvalho,True
32039,1,315,"sábado, setembro 12, 2026 00:15",Viação Metrópole AE Carvalho,True
32062,2,"311,312","segunda-feira, setembro 14, 2026 01:01 | segunda-feira, setembro 14, 2026 00:33",Viação Metrópole AE Carvalho,True
32091,1,179,"quinta-feira, setembro 17, 2026 01:19",Viação Metrópole Itaim,True
32100,1,244,"quarta-feira, setembro 16, 2026 02:03",Viação Metrópole Itaim,True
32129,1,192,"quinta-feira, setembro 17, 2026 00:14",Viação Metrópole Itaim,True
32198,1,213,"quarta-feira, setembro 16, 2026 03:48",Viação Metrópole Itaim,True
32272,1,314,"sábado, setembro 12, 2026 02:13",Viação Metrópole AE Carvalho,True
32521,1,286,"terça-feira, setembro 15, 2026 00:46",Viação Metrópole Itaim,True
32616,1,308,"segunda-feira, setembro 14, 2026 01:50",Viação Metrópole AE Carvalho,True
32641,1,307,"segunda-feira, setembro 14, 2026 03:11",Viação Metrópole AE Carvalho,True
32960,1,316,"sexta-feira, setembro 11, 2026 22:37",Viação Metrópole AE Carvalho,True
51003,1,178,"quinta-feira, setembro 17, 2026 01:21",Via Sudeste Sapopemba,True
51004,1,41,"quinta-feira, setembro 24, 2026 00:46",Via Sudeste Sapopemba,True
51022,1,309,"segunda-feira, setembro 14, 2026 01:37",Via Sudeste Cursino,True
51057,2,"218,298","quarta-feira, setembro 16, 2026 03:22 | segunda-feira, setembro 14, 2026 23:45",Via Sudeste Sapopemba,True
51060,2,"107,108","sábado, setembro 19, 2026 04:07 | sábado, setembro 19, 2026 03:51",Via Sudeste Sapopemba,True
51061,1,310,"segunda-feira, setembro 14, 2026 01:25",Via Sudeste Cursino,True
51079,1,164,"quinta-feira, setembro 17, 2026 03:02",Via Sudeste Sapopemba,True
51111,1,163,"quinta-feira, setembro 17, 2026 03:05",Via Sudeste Sapopemba,True
51113,1,197,"quarta-feira, setembro 16, 2026 23:50",Via Sudeste Sapopemba,True
51116,1,199,"quarta-feira, setembro 16, 2026 23:40",Via Sudeste Sapopemba,True
51117,1,198,"quarta-feira, setembro 16, 2026 23:46",Via Sudeste Sapopemba,True
51121,1,112,"sábado, setembro 19, 2026 03:03",Via Sudeste Sapopemba,True
51122,1,121,"sábado, setembro 19, 2026 01:32",Via Sudeste Sapopemba,True
51132,1,161,"quinta-feira, setembro 17, 2026 03:08",Via Sudeste Sapopemba,True
51133,1,189,"quinta-feira, setembro 17, 2026 00:32",Via Sudeste Sapopemba,True
51143,1,180,"quinta-feira, setembro 17, 2026 01:18",Via Sudeste Sapopemba,True
51218,1,68,"quarta-feira, setembro 23, 2026 00:49",Via Sudeste Sapopemba,True
51573,2,"130,134","sexta-feira, setembro 18, 2026 23:45 | sexta-feira, setembro 18, 2026 23:29",Via Sudeste Sapopemba,True
51574,1,42,"quinta-feira, setembro 24, 2026 00:44",Via Sudeste Sapopemba,True
51578,2,"119,277","sábado, setembro 19, 2026 01:37 | terça-feira, setembro 15, 2026 02:02",Via Sudeste Sapopemba,True
51579,1,49,"quinta-feira, setembro 24, 2026 00:10",Via Sudeste Sapopemba,True
52014,1,118,"sábado, setembro 19, 2026 01:39",Via Sudeste Sapopemba,True
52021,1,110,"sábado, setembro 19, 2026 03:44",Via Sudeste Sapopemba,True
52024,1,109,"sábado, setembro 19, 2026 03:49",Via Sudeste Sapopemba,True
52041,1,183,"quinta-feira, setembro 17, 2026 01:12",Via Sudeste Sapopemba,True
52042,1,196,"quinta-feira, setembro 17, 2026 00:03",Via Sudeste Sapopemba,True
52055,1,162,"quinta-feira, setembro 17, 2026 03:07",Via Sudeste Sapopemba,True
52059,1,94,"segunda-feira, setembro 21, 2026 22:17",Via Sudeste Sapopemba,True
52070,1,182,"quinta-feira, setembro 17, 2026 01:14",Via Sudeste Sapopemba,True
52074,2,"191,194","quinta-feira, setembro 17, 2026 00:17 | quinta-feira, setembro 17, 2026 00:13",Via Sudeste Sapopemba,True
52078,1,195,"quinta-feira, setembro 17, 2026 00:07",Via Sudeste Sapopemba,True
52103,1,171,"quinta-feira, setembro 17, 2026 02:02",Via Sudeste Sapopemba,True
52104,1,140,"sexta-feira, setembro 18, 2026 22:46",Via Sudeste Sapopemba,True
52105,1,170,"quinta-feira, setembro 17, 2026 02:07",Via Sudeste Sapopemba,True
52110,2,"289,290","terça-feira, setembro 15, 2026 00:34 | terça-feira, setembro 15, 2026 00:33",Via Sudeste Sapopemba,True
52111,1,44,"quinta-feira, setembro 24, 2026 00:30",Via Sudeste Sapopemba,True
52113,1,27,"quinta-feira, setembro 24, 2026 02:16",Via Sudeste Sapopemba,True
52115,1,131,"sexta-feira, setembro 18, 2026 23:40",Via Sudeste Sapopemba,True
52119,1,120,"sábado, setembro 19, 2026 01:35",Via Sudeste Sapopemba,True
52124,1,299,"segunda-feira, setembro 14, 2026 23:19",Via Sudeste Sapopemba,True
52126,1,61,"quarta-feira, setembro 23, 2026 02:12",Via Sudeste Sapopemba,True
52127,1,34,"quinta-feira, setembro 24, 2026 01:45",Via Sudeste Sapopemba,True
52132,1,29,"quinta-feira, setembro 24, 2026 02:05",Via Sudeste Sapopemba,True
52133,1,91,"segunda-feira, setembro 21, 2026 22:59",Via Sudeste Sapopemba,True
52139,1,65,"quarta-feira, setembro 23, 2026 01:06",Via Sudeste Sapopemba,True
52145,1,46,"quinta-feira, setembro 24, 2026 00:24",Via Sudeste Sapopemba,True
52148,1,293,"terça-feira, setembro 15, 2026 00:09",Via Sudeste Sapopemba,True
52711,2,"209,227","quarta-feira, setembro 16, 2026 04:26 | quarta-feira, setembro 16, 2026 03:02",Via Sudeste Sapopemba,True
52712,1,31,"quinta-feira, setembro 24, 2026 01:57",Via Sudeste Sapopemba,True
52714,1,3,"sexta-feira, setembro 25, 2026 04:23",Via Sudeste Sapopemba,True
52718,1,70,"quarta-feira, setembro 23, 2026 00:32",Via Sudeste Sapopemba,True
52734,1,88,"segunda-feira, setembro 21, 2026 23:44",Via Sudeste Sapopemba,True
52744,1,92,"segunda-feira, setembro 21, 2026 22:23",Via Sudeste Sapopemba,True
52745,1,177,"quinta-feira, setembro 17, 2026 01:23",Via Sudeste Sapopemba,True
52748,1,40,"quinta-feira, setembro 24, 2026 00:48",Via Sudeste Sapopemba,True
52749,1,135,"sexta-feira, setembro 18, 2026 23:22",Via Sudeste Sapopemba,True
52752,2,"53,57","quarta-feira, setembro 23, 2026 23:22 | quarta-feira, setembro 23, 2026 03:13",Via Sudeste Sapopemba,True
52754,1,133,"sexta-feira, setembro 18, 2026 23:36",Via Sudeste Sapopemba,True
52762,1,228,"quarta-feira, setembro 16, 2026 03:00",Via Sudeste Sapopemba,True
52763,1,93,"segunda-feira, setembro 21, 2026 22:20",Via Sudeste Sapopemba,True
52767,1,15,"quinta-feira, setembro 24, 2026 22:40",Via Sudeste Sapopemba,True
52774,1,278,"terça-feira, setembro 15, 2026 01:53",Via Sudeste Sapopemba,True
52775,1,138,"sexta-feira, setembro 18, 2026 22:56",Via Sudeste Sapopemba,True
52782,1,77,"terça-feira, setembro 22, 2026 21:13",Via Sudeste Sapopemba,True
52788,1,281,"terça-feira, setembro 15, 2026 01:42",Via Sudeste Sapopemba,True
52796,1,137,"sexta-feira, setembro 18, 2026 23:05",Via Sudeste Sapopemba,True
52799,1,50,"quinta-feira, setembro 24, 2026 00:07",Via Sudeste Sapopemba,True
52828,1,54,"quarta-feira, setembro 23, 2026 04:04",Via Sudeste Sapopemba,True
52834,1,136,"sexta-feira, setembro 18, 2026 23:13",Via Sudeste Sapopemba,True
52835,2,"226,280","quarta-feira, setembro 16, 2026 03:05 | terça-feira, setembro 15, 2026 01:51",Via Sudeste Sapopemba,True
52838,1,48,"quinta-feira, setembro 24, 2026 00:15",Via Sudeste Sapopemba,True
52843,1,139,"sexta-feira, setembro 18, 2026 22:53",Via Sudeste Sapopemba,True
52868,1,55,"quarta-feira, setembro 23, 2026 03:55",Via Sudeste Sapopemba,True
52901,1,291,"terça-feira, setembro 15, 2026 00:25",Via Sudeste Sapopemba,True
52903,1,62,"quarta-feira, setembro 23, 2026 02:02",Via Sudeste Sapopemba,True
52904,1,123,"sábado, setembro 19, 2026 01:26",Via Sudeste Sapopemba,True
52905,1,295,"terça-feira, setembro 15, 2026 00:01",Via Sudeste Sapopemba,True
52906,1,122,"sábado, setembro 19, 2026 01:30",Via Sudeste Sapopemba,True
52907,1,12,"sexta-feira, setembro 25, 2026 01:49",Via Sudeste Sapopemba,True
52909,1,292,"terça-feira, setembro 15, 2026 00:19",Via Sudeste Sapopemba,True
52910,1,219,"quarta-feira, setembro 16, 2026 03:19",Via Sudeste Sapopemba,True
52911,1,67,"quarta-feira, setembro 23, 2026 00:52",Via Sudeste Sapopemba,True
52913,1,173,"quinta-feira, setembro 17, 2026 01:50",Via Sudeste Sapopemba,True
52919,2,"210,221","quarta-feira, setembro 16, 2026 04:22 | quarta-feira, setembro 16, 2026 03:11",Via Sudeste Sapopemba,True
52922,1,63,"quarta-feira, setembro 23, 2026 01:51",Via Sudeste Sapopemba,True
52923,1,66,"quarta-feira, setembro 23, 2026 00:56",Via Sudeste Sapopemba,True
52924,1,174,"quinta-feira, setembro 17, 2026 01:45",Via Sudeste Sapopemba,True
52932,1,225,"quarta-feira, setembro 16, 2026 03:08",Via Sudeste Sapopemba,True
52935,1,47,"quinta-feira, setembro 24, 2026 00:20",Via Sudeste Sapopemba,True
52936,2,"208,217","quarta-feira, setembro 16, 2026 04:29 | quarta-feira, setembro 16, 2026 03:24",Via Sudeste Sapopemba,True
52943,1,73,"terça-feira, setembro 22, 2026 23:42",Via Sudeste Sapopemba,True
61065,1,186,"quinta-feira, setembro 17, 2026 00:47",Viação Grajaú,True
61070,1,103,"segunda-feira, setembro 21, 2026 02:32",Viação Grajaú,True
61213,1,265,"terça-feira, setembro 15, 2026 22:15",Viação Grajaú,True
61224,1,266,"terça-feira, setembro 15, 2026 22:04",Viação Grajaú,True
61228,1,248,"quarta-feira, setembro 16, 2026 01:31",Viação Grajaú,True
61273,1,127,"sábado, setembro 19, 2026 00:36",Viação Grajaú,True
61282,1,128,"sábado, setembro 19, 2026 00:18",Viação Grajaú,True
61284,1,96,"segunda-feira, setembro 21, 2026 21:59",Viação Grajaú,True
61295,1,95,"segunda-feira, setembro 21, 2026 22:15",Viação Grajaú,True
61311,1,104,"segunda-feira, setembro 21, 2026 01:26",Viação Grajaú,True
61314,1,263,"terça-feira, setembro 15, 2026 23:46",Viação Grajaú,True
61316,1,240,"quarta-feira, setembro 16, 2026 02:21",Viação Grajaú,True
61327,1,246,"quarta-feira, setembro 16, 2026 02:00",Viação Grajaú,True
61334,1,166,"quinta-feira, setembro 17, 2026 02:53",Viação Grajaú,True
61350,1,59,"quarta-feira, setembro 23, 2026 02:55",Viação Grajaú,True
61414,1,132,"sexta-feira, setembro 18, 2026 23:39",Viação Grajaú,True
61454,1,76,"terça-feira, setembro 22, 2026 22:08",Viação Grajaú,True
61511,1,200,"quarta-feira, setembro 16, 2026 22:39",Viação Grajaú,True
61571,1,190,"quinta-feira, setembro 17, 2026 00:17",Viação Grajaú,True
61587,1,129,"sábado, setembro 19, 2026 00:02",Viação Grajaú,True
61589,1,89,"segunda-feira, setembro 21, 2026 23:31",Viação Grajaú,True
61651,1,85,"terça-feira, setembro 22, 2026 00:37",Viação Grajaú,True
61654,1,141,"sexta-feira, setembro 18, 2026 22:02",Viação Grajaú,True
61766,1,106,"domingo, setembro 20, 2026 22:01",Viação Grajaú,True
61793,1,105,"segunda-feira, setembro 21, 2026 00:49",Viação Grajaú,True
68043,1,212,"quarta-feira, setembro 16, 2026 03:56",A2 Transportes,True
68465,1,243,"quarta-feira, setembro 16, 2026 02:12",A2 Transportes,True
68508,1,10,"sexta-feira, setembro 25, 2026 02:50",A2 Transportes,True
68582,1,236,"quarta-feira, setembro 16, 2026 02:35",A2 Transportes,True
68589,1,237,"quarta-feira, setembro 16, 2026 02:29",A2 Transportes,True
68594,2,"239,241","quarta-feira, setembro 16, 2026 02:23 | quarta-feira, setembro 16, 2026 02:17",A2 Transportes,True
68603,1,30,"quinta-feira, setembro 24, 2026 01:55",A2 Transportes,True
68639,1,155,"quinta-feira, setembro 17, 2026 04:18",A2 Transportes,True
68640,1,152,"quinta-feira, setembro 17, 2026 05:12",A2 Transportes,True
68652,1,24,"quinta-feira, setembro 24, 2026 02:35",A2 Transportes,True
68657,1,154,"quinta-feira, setembro 17, 2026 04:44",A2 Transportes,True
73004,1,82,"terça-feira, setembro 22, 2026 01:51",Viação Metrópole Pinedo,True
73203,1,193,"quinta-feira, setembro 17, 2026 00:08",Viação Metrópole M'Boi Mirim,True
73219,1,19,"quinta-feira, setembro 24, 2026 03:22",Viação Metrópole M'Boi Mirim,True
73357,1,156,"quinta-feira, setembro 17, 2026 03:44",Viação Metrópole M'Boi Mirim,True
73362,1,233,"quarta-feira, setembro 16, 2026 02:44",Viação Metrópole M'Boi Mirim,True
73381,1,2,"sexta-feira, setembro 25, 2026 09:40",Viação Metrópole M'Boi Mirim,True
73612,1,22,"quinta-feira, setembro 24, 2026 02:45",Viação Metrópole M'Boi Mirim,True
73614,1,297,"segunda-feira, setembro 14, 2026 23:41",Viação Metrópole M'Boi Mirim,True
73642,1,14,"sexta-feira, setembro 25, 2026 01:18",Viação Metrópole M'Boi Mirim,True
73767,1,254,"quarta-feira, setembro 16, 2026 00:55",Viação Metrópole Pinedo,True
73775,1,87,"terça-feira, setembro 22, 2026 00:20",Viação Metrópole Pinedo,True
73776,1,33,"quinta-feira, setembro 24, 2026 01:50",Viação Metrópole Pinedo,True
73785,1,256,"quarta-feira, setembro 16, 2026 00:43",Viação Metrópole Pinedo,True
73796,1,37,"quinta-feira, setembro 24, 2026 01:25",Viação Metrópole Pinedo,True
73803,1,43,"quinta-feira, setembro 24, 2026 00:37",Viação Metrópole Pinedo,True
73840,1,83,"terça-feira, setembro 22, 2026 01:39",Viação Metrópole Pinedo,True
73864,1,84,"terça-feira, setembro 22, 2026 00:55",Viação Metrópole Pinedo,True
73932,1,274,"terça-feira, setembro 15, 2026 01:57",Viação Metrópole M'Boi Mirim,True
