tipo,onde,detalhe
Câmeras reconciliadas com o histórico (decisão 07/10/2026),ALFA RODOBUS em 06/10/2026,142 veículos com as posições ajustadas ao registro anterior: Câmera 22→21 (142×). Valores apenas trocados de coluna.
Câmeras reconciliadas com o histórico (decisão 07/10/2026),ALFA RODOBUS SPE em 06/10/2026,"123 veículos com as posições ajustadas ao registro anterior: Câmera 22→21 (120×), Câmera 21→22 (3×). Valores apenas trocados de coluna."
Câmeras não reconciliadas (ambíguo),GATO PRETO em 06/10/2026,"6 veículos mantidos como no relatório (quantidade diferente do histórico (2 agora × 3 antes)): 82718, 82733, 82734, 82735, 82757, 82758"
Câmeras não reconciliadas (ambíguo),GATO PRETO A1 em 06/10/2026,"19 veículos mantidos como no relatório (quantidade diferente do histórico (2 agora × 3 antes)): 12666, 12667, 12668, 12669, 12677, 12678, 12679, 12680, 12683, 12684, 12685, 12686, 12732, 13670, 13671…"
Câmeras não reconciliadas (ambíguo),NORTE BUSS A1 em 06/10/2026,1 veículo mantido como no relatório (quantidade diferente do histórico (1 agora × 2 antes)): 16517
Câmeras não reconciliadas (ambíguo),NORTE BUSS A2 em 06/10/2026,"64 veículos mantidos como no relatório (quantidade diferente do histórico (2 agora × 1 antes); quantidade diferente do histórico (3 agora × 1 antes)): 26014, 26037, 26051, 26067, 26100, 26103, 26107, 26113, 26116, 26117, 26122, 26128, 26145, 26153, 26154…"
Câmeras reconciliadas com o histórico (decisão 07/10/2026),NORTE BUSS A2 em 06/10/2026,"198 veículos com as posições ajustadas ao registro anterior: Câmera 22→21 (192×), Câmera 21→22 (6×). Valores apenas trocados de coluna."
Câmeras não reconciliadas (ambíguo),VIACAO GRAJAU em 06/10/2026,1 veículo mantido como no relatório (quantidade diferente do histórico (6 agora × 1 antes)): 61570
Coluna extra,Relatório CFTV - 01.09.2026.xlsx,Última Transmissão
Coluna ausente,Relatório CFTV - 04.09.2026.xlsx,Sem a coluna 'Manutenção'
Cabeçalho com espaço extra,Relatório CFTV - 18.09.2026.xlsx,'Câmera 21 ' → padronizado
Empresa com espaço no final,Relatórios CFTV,"'GATO PRETO ', 'METROPOLE - AE CARVALHO ', 'METROPOLE - ITAIM ', 'METROPOLE PAULISTA - DEPINEDO ', 'VIA SUDESTE ' → padronizado"
Empresa ausente no arquivo,Relatório CFTV de 04/09/2026,SANTA BRIGIDA: nenhum registro nesta data (células em branco)
Datas sem arquivo CFTV,Período 01/09–06/10,"05/09 (sáb), 06/09 (dom), 07/09 (seg), 12/09 (sáb), 13/09 (dom), 14/09 (seg), 19/09 (sáb), 20/09 (dom), 25/09 (sex), 26/09 (sáb), 27/09 (dom), 28/09 (seg), 29/09 (ter), 30/09 (qua), 01/10 (qui), 02/10 (sex), 03/10 (sáb), 04/10 (dom), 05/10 (seg) → colunas em branco"
Prefixo muda de empresa,Relatórios CFTV,"56 prefixos (ex.: 31361, 31362, 31364, 31365, 31366, 31367, 31368, 31369, 31370, 31371, 31373, 31374…)"
Mudança atípica no padrão de câmeras ('-'),NORTE BUSS A2 em 06/10/2026,"64 trocas entre ""sem câmera"" e câmera com valor em relação ao registro anterior (possível troca de colunas na exportação). Dado mantido como está."
Mudança atípica no padrão de câmeras ('-'),ALFA RODOBUS em 03/09/2026,"288 trocas entre ""sem câmera"" e câmera com valor em relação ao registro anterior (possível troca de colunas na exportação). Dado mantido como está."
Mudança atípica no padrão de câmeras ('-'),ALFA RODOBUS em 04/09/2026,"288 trocas entre ""sem câmera"" e câmera com valor em relação ao registro anterior (possível troca de colunas na exportação). Dado mantido como está."
Mudança na grade de colunas,A2 TRANSPORTES em 06/10/2026,6 colunas de câmera preenchidas (normalmente 2).
Mudança na grade de colunas,ALFA RODOBUS em 24/09/2026,2 colunas de câmera preenchidas (normalmente 3).
Mudança na grade de colunas,ALFA RODOBUS em 06/10/2026,6 colunas de câmera preenchidas (normalmente 3).
Mudança na grade de colunas,ALFA RODOBUS SPE em 06/10/2026,6 colunas de câmera preenchidas (normalmente 2).
Mudança na grade de colunas,METROPOLE - AE CARVALHO em 06/10/2026,6 colunas de câmera preenchidas (normalmente 3).
Mudança na grade de colunas,NORTE BUSS A1 em 06/10/2026,6 colunas de câmera preenchidas (normalmente 2).
Mudança na grade de colunas,NORTE BUSS A2 em 06/10/2026,6 colunas de câmera preenchidas (normalmente 2).
Formulário de manutenção,linha 27 — prefixo 52113,ID 32500 repetido em 54 formulários (provável valor genérico)
Formulário de manutenção,linha 29 — prefixo 52132,ID 32500 repetido em 54 formulários (provável valor genérico)
Formulário de manutenção,linha 31 — prefixo 52712,ID 32500 repetido em 54 formulários (provável valor genérico)
Formulário de manutenção,linha 33 — prefixo 73776,Nome do técnico padronizado: 'Abner melo' → 'Abner Melo' (diferença só de maiúsculas)
Formulário de manutenção,linha 34 — prefixo 52127,ID 32500 repetido em 54 formulários (provável valor genérico)
Formulário de manutenção,linha 37 — prefixo 73796,Nome do técnico padronizado: 'Abner melo' → 'Abner Melo' (diferença só de maiúsculas)
Formulário de manutenção,linha 44 — prefixo 52111,ID 32500 repetido em 54 formulários (provável valor genérico)
Formulário de manutenção,linha 46 — prefixo 52145,ID 32500 repetido em 54 formulários (provável valor genérico)
Formulário de manutenção,linha 47 — prefixo 52935,ID 32500 repetido em 54 formulários (provável valor genérico)
Formulário de manutenção,linha 48 — prefixo 52838,ID 32500 repetido em 54 formulários (provável valor genérico)
Formulário de manutenção,linha 49 — prefixo 51579,ID 32500 repetido em 54 formulários (provável valor genérico)
Formulário de manutenção,linha 50 — prefixo 52799,ID 32500 repetido em 54 formulários (provável valor genérico)
Formulário de manutenção,linha 61 — prefixo 52126,ID 32500 repetido em 54 formulários (provável valor genérico)
Formulário de manutenção,linha 62 — prefixo 52903,ID 32500 repetido em 54 formulários (provável valor genérico)
Formulário de manutenção,linha 63 — prefixo 52922,ID 32500 repetido em 54 formulários (provável valor genérico)
Formulário de manutenção,linha 66 — prefixo 52923,ID 32500 repetido em 54 formulários (provável valor genérico)
Formulário de manutenção,linha 67 — prefixo 52911,ID 32500 repetido em 54 formulários (provável valor genérico)
Formulário de manutenção,linha 68 — prefixo 51218,ID 32500 repetido em 54 formulários (provável valor genérico)
Formulário de manutenção,linha 70 — prefixo 52718,ID 32500 repetido em 54 formulários (provável valor genérico)
Formulário de manutenção,linha 73 — prefixo 52943,ID 32500 repetido em 54 formulários (provável valor genérico)
Formulário de manutenção,linha 82 — prefixo 73004,Nome do técnico padronizado: 'Abner melo' → 'Abner Melo' (diferença só de maiúsculas)
Formulário de manutenção,linha 83 — prefixo 73840,Nome do técnico padronizado: 'Abner melo' → 'Abner Melo' (diferença só de maiúsculas)
Formulário de manutenção,linha 84 — prefixo 73864,Nome do técnico padronizado: 'Abner melo' → 'Abner Melo' (diferença só de maiúsculas)
Formulário de manutenção,linha 85 — prefixo 61651,ID 32500 repetido em 54 formulários (provável valor genérico)
Formulário de manutenção,linha 87 — prefixo 73775,Nome do técnico padronizado: 'Abner melo' → 'Abner Melo' (diferença só de maiúsculas)
Formulário de manutenção,linha 103 — prefixo 61070,ID 32500 repetido em 54 formulários (provável valor genérico)
Formulário de manutenção,linha 111 — prefixo 11435,Prefixo não existe em nenhum Relatório CFTV
Formulário de manutenção,linha 130 — prefixo 51573,ID 32500 repetido em 54 formulários (provável valor genérico)
Formulário de manutenção,linha 131 — prefixo 52115,ID 32500 repetido em 54 formulários (provável valor genérico)
Formulário de manutenção,linha 133 — prefixo 52754,ID 32500 repetido em 54 formulários (provável valor genérico)
Formulário de manutenção,linha 134 — prefixo 51573,ID 32500 repetido em 54 formulários (provável valor genérico)
Formulário de manutenção,linha 135 — prefixo 52749,ID 32500 repetido em 54 formulários (provável valor genérico)
Formulário de manutenção,linha 136 — prefixo 52834,ID 32500 repetido em 54 formulários (provável valor genérico)
Formulário de manutenção,linha 137 — prefixo 52796,ID 32500 repetido em 54 formulários (provável valor genérico)
Formulário de manutenção,linha 138 — prefixo 52775,ID 32500 repetido em 54 formulários (provável valor genérico)
Formulário de manutenção,linha 139 — prefixo 52843,ID 32500 repetido em 54 formulários (provável valor genérico)
Formulário de manutenção,linha 140 — prefixo 52104,ID 32500 repetido em 54 formulários (provável valor genérico)
Formulário de manutenção,linha 170 — prefixo 52105,ID 32500 repetido em 54 formulários (provável valor genérico)
Formulário de manutenção,linha 171 — prefixo 52103,ID 32500 repetido em 54 formulários (provável valor genérico)
Formulário de manutenção,linha 173 — prefixo 52913,ID 32500 repetido em 54 formulários (provável valor genérico)
Formulário de manutenção,linha 174 — prefixo 52924,ID 32500 repetido em 54 formulários (provável valor genérico)
Formulário de manutenção,linha 189 — prefixo 51133,ID 32500 repetido em 54 formulários (provável valor genérico)
Formulário de manutenção,linha 191 — prefixo 52074,ID 32500 repetido em 54 formulários (provável valor genérico)
Formulário de manutenção,linha 191 — prefixo 52074,"Texto cita o prefixo 52023, diferente da coluna Prefixo (52074); mantido o valor da coluna Prefixo (Q11)"
Formulário de manutenção,linha 194 — prefixo 52074,ID 32500 repetido em 54 formulários (provável valor genérico)
Formulário de manutenção,linha 195 — prefixo 52078,ID 32500 repetido em 54 formulários (provável valor genérico)
Formulário de manutenção,linha 196 — prefixo 52042,ID 32500 repetido em 54 formulários (provável valor genérico)
Formulário de manutenção,linha 196 — prefixo 52042,"Texto cita o prefixo 52704, diferente da coluna Prefixo (52042); mantido o valor da coluna Prefixo (Q11)"
Formulário de manutenção,linha 196 — prefixo 52042,"Texto contém ""PREFIXO INCORRETO"" — conferir"
Formulário de manutenção,linha 197 — prefixo 51113,ID 32500 repetido em 54 formulários (provável valor genérico)
Formulário de manutenção,linha 198 — prefixo 51117,ID 32500 repetido em 54 formulários (provável valor genérico)
Formulário de manutenção,linha 199 — prefixo 51116,ID 32500 repetido em 54 formulários (provável valor genérico)
Formulário de manutenção,linha 236 — prefixo 68582,"Texto informa ID 34142, diferente da coluna ID (34182)"
Formulário de manutenção,linha 254 — prefixo 73767,Nome do técnico padronizado: 'Abner melo' → 'Abner Melo' (diferença só de maiúsculas)
Formulário de manutenção,linha 256 — prefixo 73785,Nome do técnico padronizado: 'Abner melo' → 'Abner Melo' (diferença só de maiúsculas)
Formulário de manutenção,linha 277 — prefixo 51578,ID 32500 repetido em 54 formulários (provável valor genérico)
Formulário de manutenção,linha 278 — prefixo 52774,ID 32500 repetido em 54 formulários (provável valor genérico)
Formulário de manutenção,linha 280 — prefixo 52835,ID 32500 repetido em 54 formulários (provável valor genérico)
Formulário de manutenção,linha 281 — prefixo 52788,ID 32500 repetido em 54 formulários (provável valor genérico)
Formulário de manutenção,linha 289 — prefixo 52110,ID 32500 repetido em 54 formulários (provável valor genérico)
Formulário de manutenção,linha 290 — prefixo 52110,ID 32500 repetido em 54 formulários (provável valor genérico)
Formulário de manutenção,linha 291 — prefixo 52901,ID 32500 repetido em 54 formulários (provável valor genérico)
Formulário de manutenção,linha 292 — prefixo 52909,ID 32500 repetido em 54 formulários (provável valor genérico)
Formulário de manutenção,linha 293 — prefixo 52148,ID 32500 repetido em 54 formulários (provável valor genérico)
Formulário de manutenção,linha 295 — prefixo 52905,ID 32500 repetido em 54 formulários (provável valor genérico)
Formulário de manutenção,linha 298 — prefixo 51057,ID 32500 repetido em 54 formulários (provável valor genérico)
Formulário de manutenção,linha 299 — prefixo 52124,ID 32500 repetido em 54 formulários (provável valor genérico)
