evento,prefixo,data_manutencao,horas,formularios_linhas_excel,tecnicos,garagens,prefixo_no_cftv,antes_data,antes_status,antes_problemas,dia_status,depois_registros,depois_sequencia,janela_ate_exclusive
31005_2026-09-11,31005,2026-09-11,09:02,324,Luiz Rodrigo,Viação Metrópole Iguatemi,SIM,2026-09-10,LARANJA,"FRONTAL (câm 21) ONLINE COM ERRO (SD: error, Gravação: error); FRENTE (câm 22) ONLINE COM ERRO (SD: error, Gravação: error)",VERDE,8,2026-09-15 VERDE | 2026-09-16 VERDE | 2026-09-17 VERDE | 2026-09-18 VERDE | 2026-09-21 VERDE | 2026-09-22 VERMELHO | 2026-09-23 VERMELHO | 2026-09-24 VERDE,
31093_2026-09-11,31093,2026-09-11,03:08,325,Gesnei souza,Viação Metrópole Iguatemi,SIM,2026-09-10,VERMELHO,FRONTAL (câm 21) OFFLINE; FRENTE (câm 22) OFFLINE; CORREDOR 3 (câm 25) OFFLINE,VERMELHO,8,2026-09-15 VERMELHO | 2026-09-16 VERMELHO | 2026-09-17 VERMELHO | 2026-09-18 VERMELHO | 2026-09-21 VERMELHO | 2026-09-22 VERMELHO | 2026-09-23 VERMELHO | 2026-09-24 VERMELHO,
31095_2026-09-11,31095,2026-09-11,14:54,318,Luiz Rodrigo,Viação Metrópole Iguatemi,SIM,2026-09-10,VERMELHO,"CORREDOR 2 (câm 24) ONLINE COM ERRO (SD: error, Gravação: error); CORREDOR 4 (câm 26) OFFLINE",VERMELHO,8,2026-09-15 VERMELHO | 2026-09-16 VERMELHO | 2026-09-17 VERMELHO | 2026-09-18 VERMELHO | 2026-09-21 VERMELHO | 2026-09-22 VERMELHO | 2026-09-23 VERMELHO | 2026-09-24 VERMELHO,
31105_2026-09-11,31105,2026-09-11,15:30,317,Luiz Rodrigo,Viação Metrópole Iguatemi,SIM,2026-09-10,VERMELHO,FRONTAL (câm 21) OFFLINE; FRENTE (câm 22) OFFLINE; CORREDOR 1 (câm 23) OFFLINE; CORREDOR 2 (câm 24) OFFLINE; CORREDOR 3 (câm 25) OFFLINE; CORREDOR 4 (câm 26) OFFLINE,VERMELHO,8,2026-09-15 VERMELHO | 2026-09-16 VERMELHO | 2026-09-17 VERMELHO | 2026-09-18 VERMELHO | 2026-09-21 VERMELHO | 2026-09-22 VERMELHO | 2026-09-23 VERMELHO | 2026-09-24 VERMELHO,
31484_2026-09-11,31484,2026-09-11,12:22,320,Luiz Rodrigo,Viação Metrópole Iguatemi,SIM,2026-09-10,VERMELHO,FRONTAL (câm 21) OFFLINE; FRENTE (câm 22) OFFLINE; CORREDOR 1 (câm 23) OFFLINE,VERMELHO,6,2026-09-15 VERMELHO | 2026-09-16 VERMELHO | 2026-09-17 VERMELHO | 2026-09-18 VERMELHO | 2026-09-21 VERMELHO | 2026-09-22 VERMELHO,
31590_2026-09-11,31590,2026-09-11,10:24,323,Luiz Rodrigo,Viação Metrópole Iguatemi,SIM,2026-09-10,VERMELHO,"CORREDOR 2 (câm 24) ONLINE COM ERRO (SD: error, Gravação: error); CORREDOR 3 (câm 25) OFFLINE",VERMELHO,8,2026-09-15 VERMELHO | 2026-09-16 VERMELHO | 2026-09-17 VERMELHO | 2026-09-18 VERMELHO | 2026-09-21 VERMELHO | 2026-09-22 VERMELHO | 2026-09-23 VERMELHO | 2026-09-24 VERMELHO,
31952_2026-09-11,31952,2026-09-11,11:17,322,Luiz Rodrigo,Viação Metrópole Iguatemi,SIM,2026-09-10,VERDE,,VERDE,8,2026-09-15 VERDE | 2026-09-16 VERDE | 2026-09-17 VERDE | 2026-09-18 VERDE | 2026-09-21 VERDE | 2026-09-22 VERDE | 2026-09-23 VERDE | 2026-09-24 VERDE,
31956_2026-09-11,31956,2026-09-11,14:09,319,Luiz Rodrigo,Viação Metrópole Iguatemi,SIM,2026-09-10,VERDE,,VERDE,8,2026-09-15 VERDE | 2026-09-16 LARANJA | 2026-09-17 VERDE | 2026-09-18 VERDE | 2026-09-21 VERDE | 2026-09-22 VERDE | 2026-09-23 VERDE | 2026-09-24 VERDE,
31960_2026-09-11,31960,2026-09-11,11:43,321,Luiz Rodrigo,Viação Metrópole Iguatemi,SIM,2026-09-10,LARANJA,"FRONTAL (câm 21) ONLINE COM ERRO (SD: error, Gravação: error)",LARANJA,8,2026-09-15 VERDE | 2026-09-16 VERDE | 2026-09-17 VERDE | 2026-09-18 VERDE | 2026-09-21 VERDE | 2026-09-22 VERDE | 2026-09-23 VERDE | 2026-09-24 VERDE,
32960_2026-09-11,32960,2026-09-11,22:37,316,Anderson Silva,Viação Metrópole AE Carvalho,SIM,2026-09-10,VERMELHO,FRONTAL (câm 21) OFFLINE,VERMELHO,8,2026-09-15 VERDE | 2026-09-16 VERDE | 2026-09-17 LARANJA | 2026-09-18 LARANJA | 2026-09-21 LARANJA | 2026-09-22 LARANJA | 2026-09-23 LARANJA | 2026-09-24 VERDE,
31775_2026-09-12,31775,2026-09-12,03:27,313,Gesnei souza,Viação Metrópole Iguatemi,SIM,2026-09-11,VERDE,,,8,2026-09-15 VERDE | 2026-09-16 VERDE | 2026-09-17 VERDE | 2026-09-18 VERDE | 2026-09-21 VERDE | 2026-09-22 VERDE | 2026-09-23 VERDE | 2026-09-24 VERDE,
32039_2026-09-12,32039,2026-09-12,00:15,315,Anderson Silva,Viação Metrópole AE Carvalho,SIM,2026-09-11,VERMELHO,FRENTE (câm 22) OFFLINE,,7,2026-09-15 VERDE | 2026-09-16 VERDE | 2026-09-17 VERDE | 2026-09-18 VERDE | 2026-09-21 LARANJA | 2026-09-22 LARANJA | 2026-09-24 LARANJA,
32272_2026-09-12,32272,2026-09-12,02:13,314,Anderson Silva,Viação Metrópole AE Carvalho,SIM,2026-09-11,LARANJA,"FRENTE (câm 22) ONLINE COM ERRO (SD: error, Gravação: error)",,8,2026-09-15 LARANJA | 2026-09-16 LARANJA | 2026-09-17 LARANJA | 2026-09-18 LARANJA | 2026-09-21 LARANJA | 2026-09-22 LARANJA | 2026-09-23 LARANJA | 2026-09-24 LARANJA,
31011_2026-09-14,31011,2026-09-14,11:58,301,Luiz Rodrigo,Viação Metrópole Iguatemi,SIM,2026-09-11,VERMELHO,FRONTAL (câm 21) OFFLINE,,8,2026-09-15 VERMELHO | 2026-09-16 VERMELHO | 2026-09-17 VERMELHO | 2026-09-18 VERMELHO | 2026-09-21 VERMELHO | 2026-09-22 VERMELHO | 2026-09-23 VERMELHO | 2026-09-24 VERMELHO,
31668_2026-09-14,31668,2026-09-14,11:35,302,Luiz Rodrigo,Viação Metrópole Iguatemi,SIM,2026-09-11,VERDE,,,8,2026-09-15 VERDE | 2026-09-16 VERDE | 2026-09-17 VERDE | 2026-09-18 VERDE | 2026-09-21 VERDE | 2026-09-22 VERDE | 2026-09-23 VERDE | 2026-09-24 VERDE,
31670_2026-09-14,31670,2026-09-14,09:15,305,Luiz Rodrigo,Viação Metrópole Iguatemi,SIM,2026-09-11,VERDE,,,2,2026-09-15 VERDE | 2026-09-16 VERDE,2026-09-17
31822_2026-09-14,31822,2026-09-14,11:15,303,Luiz Rodrigo,Viação Metrópole Iguatemi,SIM,2026-09-11,VERDE,,,8,2026-09-15 VERDE | 2026-09-16 VERDE | 2026-09-17 VERDE | 2026-09-18 VERDE | 2026-09-21 VERDE | 2026-09-22 VERDE | 2026-09-23 VERDE | 2026-09-24 VERDE,
31862_2026-09-14,31862,2026-09-14,10:51,304,Luiz Rodrigo,Viação Metrópole Iguatemi,SIM,2026-09-11,VERMELHO,CORREDOR 4 (câm 26) OFFLINE,,8,2026-09-15 VERMELHO | 2026-09-16 VERMELHO | 2026-09-17 VERMELHO | 2026-09-18 VERMELHO | 2026-09-21 VERMELHO | 2026-09-22 VERMELHO | 2026-09-23 VERMELHO | 2026-09-24 VERMELHO,
31955_2026-09-14,31955,2026-09-14,08:35,306,Luiz Rodrigo,Viação Metrópole Iguatemi,SIM,2026-09-11,VERDE,,,4,2026-09-15 VERDE | 2026-09-16 VERDE | 2026-09-17 VERDE | 2026-09-18 VERDE,
31986_2026-09-14,31986,2026-09-14,23:53,296,Rafael Diniz,Viação Metrópole Itaim,SIM,2026-09-11,VERMELHO,FRONTAL (câm 21) OFFLINE,,8,2026-09-15 VERDE | 2026-09-16 VERDE | 2026-09-17 VERDE | 2026-09-18 VERDE | 2026-09-21 VERDE | 2026-09-22 VERDE | 2026-09-23 VERDE | 2026-09-24 VERDE,
32038_2026-09-14,32038,2026-09-14,22:25,300,Anderson Silva,Viação Metrópole AE Carvalho,SIM,2026-09-11,LARANJA,"FRENTE (câm 22) ONLINE COM ERRO (SD: error, Gravação: error)",,8,2026-09-15 VERDE | 2026-09-16 VERDE | 2026-09-17 VERDE | 2026-09-18 VERDE | 2026-09-21 VERDE | 2026-09-22 VERDE | 2026-09-23 VERDE | 2026-09-24 VERDE,
32062_2026-09-14,32062,2026-09-14,"00:33, 01:01","312, 311",Anderson Silva,Viação Metrópole AE Carvalho,SIM,2026-09-11,VERMELHO,CORREDOR 1 (câm 23) OFFLINE,,8,2026-09-15 VERDE | 2026-09-16 VERDE | 2026-09-17 VERDE | 2026-09-18 VERDE | 2026-09-21 VERDE | 2026-09-22 VERMELHO | 2026-09-23 VERMELHO | 2026-09-24 VERMELHO,
32616_2026-09-14,32616,2026-09-14,01:50,308,Anderson Silva,Viação Metrópole AE Carvalho,SIM,2026-09-11,LARANJA,"FRONTAL (câm 21) ONLINE COM ERRO (SD: error, Gravação: error)",,8,2026-09-15 VERDE | 2026-09-16 VERDE | 2026-09-17 VERDE | 2026-09-18 VERDE | 2026-09-21 VERDE | 2026-09-22 VERDE | 2026-09-23 LARANJA | 2026-09-24 LARANJA,
32641_2026-09-14,32641,2026-09-14,03:11,307,Anderson Silva,Viação Metrópole AE Carvalho,SIM,2026-09-11,LARANJA,"CORREDOR 1 (câm 23) ONLINE COM ERRO (SD: error, Gravação: error)",,8,2026-09-15 LARANJA | 2026-09-16 LARANJA | 2026-09-17 LARANJA | 2026-09-18 LARANJA | 2026-09-21 LARANJA | 2026-09-22 LARANJA | 2026-09-23 LARANJA | 2026-09-24 LARANJA,
51022_2026-09-14,51022,2026-09-14,01:37,309,Gustavo Nunes,Via Sudeste Cursino,SIM,2026-09-11,VERMELHO,FRONTAL (câm 21) OFFLINE; FRENTE (câm 22) OFFLINE; CORREDOR 1 (câm 23) OFFLINE,,8,2026-09-15 LARANJA | 2026-09-16 LARANJA | 2026-09-17 LARANJA | 2026-09-18 LARANJA | 2026-09-21 VERMELHO | 2026-09-22 VERMELHO | 2026-09-23 LARANJA | 2026-09-24 LARANJA,
51057_2026-09-14,51057,2026-09-14,23:45,298,FELIX SECURITY GABRIEL,Via Sudeste Sapopemba,SIM,2026-09-11,LARANJA,"CORREDOR 1 (câm 23) ONLINE COM ERRO (SD: error, Gravação: error)",,1,2026-09-15 LARANJA,2026-09-16
51061_2026-09-14,51061,2026-09-14,01:25,310,Gustavo Nunes,Via Sudeste Cursino,SIM,2026-09-11,VERMELHO,FRONTAL (câm 21) OFFLINE; FRENTE (câm 22) OFFLINE; CORREDOR 1 (câm 23) OFFLINE,,8,2026-09-15 VERDE | 2026-09-16 VERDE | 2026-09-17 VERDE | 2026-09-18 VERDE | 2026-09-21 VERDE | 2026-09-22 VERDE | 2026-09-23 VERDE | 2026-09-24 VERDE,
52124_2026-09-14,52124,2026-09-14,23:19,299,FELIX SECURITY GABRIEL,Via Sudeste Sapopemba,SIM,2026-09-11,LARANJA,"FRONTAL (câm 21) ONLINE COM ERRO (SD: error, Gravação: error); CORREDOR 4 (câm 26) ONLINE COM ERRO (SD: error, Gravação: error)",,8,2026-09-15 LARANJA | 2026-09-16 LARANJA | 2026-09-17 LARANJA | 2026-09-18 LARANJA | 2026-09-21 LARANJA | 2026-09-22 LARANJA | 2026-09-23 LARANJA | 2026-09-24 LARANJA,
73614_2026-09-14,73614,2026-09-14,23:41,297,John Lima,Viação Metrópole M'Boi Mirim,SIM,2026-09-11,VERDE,,,8,2026-09-15 VERDE | 2026-09-16 VERDE | 2026-09-17 VERDE | 2026-09-18 VERDE | 2026-09-21 VERDE | 2026-09-22 VERDE | 2026-09-23 VERMELHO | 2026-09-24 VERMELHO,
11661_2026-09-15,11661,2026-09-15,01:39,282,Leandro Resende,Santa Brigida,SIM,2026-09-11,VERDE,,VERDE,7,2026-09-16 VERDE | 2026-09-17 VERDE | 2026-09-18 VERDE | 2026-09-21 VERDE | 2026-09-22 VERDE | 2026-09-23 VERDE | 2026-09-24 VERDE,
11725_2026-09-15,11725,2026-09-15,00:58,285,Leandro Resende,Santa Brigida,SIM,2026-09-11,VERDE,,VERDE,7,2026-09-16 VERDE | 2026-09-17 VERDE | 2026-09-18 VERDE | 2026-09-21 VERDE | 2026-09-22 VERDE | 2026-09-23 VERDE | 2026-09-24 VERDE,
11744_2026-09-15,11744,2026-09-15,01:23,283,Leandro Resende,Santa Brigida,SIM,2026-09-11,VERDE,,VERDE,7,2026-09-16 VERDE | 2026-09-17 VERDE | 2026-09-18 VERDE | 2026-09-21 VERDE | 2026-09-22 VERDE | 2026-09-23 VERDE | 2026-09-24 VERDE,
11801_2026-09-15,11801,2026-09-15,01:52,279,Leandro Resende,Santa Brigida,SIM,2026-09-11,VERDE,,VERDE,7,2026-09-16 VERDE | 2026-09-17 VERDE | 2026-09-18 VERDE | 2026-09-21 VERDE | 2026-09-22 VERDE | 2026-09-23 VERDE | 2026-09-24 VERDE,
11810_2026-09-15,11810,2026-09-15,02:06,276,Leandro Resende,Santa Brigida,SIM,2026-09-11,VERDE,,VERDE,7,2026-09-16 VERDE | 2026-09-17 VERDE | 2026-09-18 VERDE | 2026-09-21 VERDE | 2026-09-22 VERDE | 2026-09-23 VERDE | 2026-09-24 VERDE,
11831_2026-09-15,11831,2026-09-15,00:41,288,Leandro Resende,Santa Brigida,SIM,2026-09-11,VERDE,,VERDE,7,2026-09-16 VERDE | 2026-09-17 VERDE | 2026-09-18 VERDE | 2026-09-21 VERDE | 2026-09-22 VERDE | 2026-09-23 VERDE | 2026-09-24 VERDE,
11834_2026-09-15,11834,2026-09-15,01:10,284,Leandro Resende,Santa Brigida,SIM,2026-09-11,VERDE,,VERDE,7,2026-09-16 VERDE | 2026-09-17 VERDE | 2026-09-18 VERDE | 2026-09-21 VERDE | 2026-09-22 VERDE | 2026-09-23 VERDE | 2026-09-24 VERDE,
11840_2026-09-15,11840,2026-09-15,02:14,273,Leandro Resende,Santa Brigida,SIM,2026-09-11,LARANJA,"FRENTE (câm 22) ONLINE COM ERRO (SD: error, Gravação: error)",LARANJA,7,2026-09-16 LARANJA | 2026-09-17 LARANJA | 2026-09-18 LARANJA | 2026-09-21 LARANJA | 2026-09-22 LARANJA | 2026-09-23 LARANJA | 2026-09-24 LARANJA,
31182_2026-09-15,31182,2026-09-15,23:26,264,Joel,Viação Metrópole Imperador,SIM,2026-09-11,VERMELHO,"CORREDOR 2 (câm 24) OFFLINE; CORREDOR 3 (câm 25) ONLINE COM ERRO (SD: error, Gravação: error)",LARANJA,7,2026-09-16 VERDE | 2026-09-17 VERDE | 2026-09-18 VERMELHO | 2026-09-21 VERMELHO | 2026-09-22 LARANJA | 2026-09-23 LARANJA | 2026-09-24 LARANJA,
31299_2026-09-15,31299,2026-09-15,02:01,275,Joel,Viação Metrópole Imperador,SIM,2026-09-11,VERMELHO,FRONTAL (câm 21) OFFLINE,VERMELHO,7,2026-09-16 VERMELHO | 2026-09-17 VERMELHO | 2026-09-18 VERMELHO | 2026-09-21 VERMELHO | 2026-09-22 VERMELHO | 2026-09-23 VERMELHO | 2026-09-24 VERMELHO,
31629_2026-09-15,31629,2026-09-15,00:00,294,Joel,Viação Metrópole Imperador,SIM,2026-09-11,VERMELHO,FRENTE (câm 22) OFFLINE,VERDE,7,2026-09-16 VERDE | 2026-09-17 VERDE | 2026-09-18 VERDE | 2026-09-21 VERDE | 2026-09-22 VERDE | 2026-09-23 VERDE | 2026-09-24 VERDE,
31657_2026-09-15,31657,2026-09-15,11:22,270,Luiz Rodrigo,Viação Metrópole Iguatemi,SIM,2026-09-11,VERDE,,VERDE,7,2026-09-16 VERDE | 2026-09-17 VERDE | 2026-09-18 VERDE | 2026-09-21 VERDE | 2026-09-22 VERDE | 2026-09-23 VERDE | 2026-09-24 VERDE,
31700_2026-09-15,31700,2026-09-15,00:43,287,Joel,Viação Metrópole Imperador,SIM,2026-09-11,VERMELHO,FRONTAL (câm 21) OFFLINE; FRENTE (câm 22) OFFLINE; CORREDOR 1 (câm 23) OFFLINE,VERMELHO,7,2026-09-16 VERMELHO | 2026-09-17 VERMELHO | 2026-09-18 VERMELHO | 2026-09-21 VERMELHO | 2026-09-22 VERMELHO | 2026-09-23 VERMELHO | 2026-09-24 VERMELHO,
31753_2026-09-15,31753,2026-09-15,15:41,267,Luiz Rodrigo,Viação Metrópole Iguatemi,SIM,2026-09-11,VERDE,,VERMELHO,5,2026-09-16 LARANJA | 2026-09-17 LARANJA | 2026-09-18 LARANJA | 2026-09-21 LARANJA | 2026-09-22 LARANJA,2026-09-23
31818_2026-09-15,31818,2026-09-15,13:28,268,Luiz Rodrigo,Viação Metrópole Iguatemi,SIM,2026-09-11,VERMELHO,"FRENTE (câm 22) ONLINE COM ERRO (SD: error, Gravação: error); CORREDOR 4 (câm 26) OFFLINE",LARANJA,0,,2026-09-16
31841_2026-09-15,31841,2026-09-15,06:08,272,Rafael Diniz,Viação Metrópole Itaim,SIM,2026-09-11,VERMELHO,"FRONTAL (câm 21) ONLINE COM ERRO (SD: error, Gravação: error); FRENTE (câm 22) OFFLINE; CORREDOR 2 (câm 24) ONLINE COM ERRO (SD: error, Gravação: error); CORREDOR 4 (câm 26) OFFLINE",VERDE,7,2026-09-16 VERDE | 2026-09-17 VERDE | 2026-09-18 VERDE | 2026-09-21 VERDE | 2026-09-22 VERDE | 2026-09-23 VERDE | 2026-09-24 VERDE,
31953_2026-09-15,31953,2026-09-15,12:02,269,Luiz Rodrigo,Viação Metrópole Iguatemi,SIM,2026-09-11,VERDE,,VERDE,7,2026-09-16 VERDE | 2026-09-17 VERDE | 2026-09-18 VERDE | 2026-09-21 VERDE | 2026-09-22 VERDE | 2026-09-23 VERDE | 2026-09-24 VERDE,
31962_2026-09-15,31962,2026-09-15,08:25,271,Luiz Rodrigo,Viação Metrópole Iguatemi,SIM,2026-09-11,VERMELHO,FRENTE (câm 22) OFFLINE,VERDE,7,2026-09-16 VERDE | 2026-09-17 VERDE | 2026-09-18 VERDE | 2026-09-21 VERDE | 2026-09-22 VERDE | 2026-09-23 VERDE | 2026-09-24 VERDE,
32521_2026-09-15,32521,2026-09-15,00:46,286,Rafael Diniz,Viação Metrópole Itaim,SIM,2026-09-11,VERMELHO,CORREDOR 3 (câm 25) OFFLINE,VERDE,6,2026-09-16 VERDE | 2026-09-17 VERDE | 2026-09-18 VERDE | 2026-09-22 VERDE | 2026-09-23 VERDE | 2026-09-24 VERDE,
51578_2026-09-15,51578,2026-09-15,02:02,277,FELIX SECURITY GABRIEL,Via Sudeste Sapopemba,SIM,2026-09-11,LARANJA,"CORREDOR 2 (câm 24) ONLINE COM ERRO (SD: error, Gravação: error)",LARANJA,3,2026-09-16 LARANJA | 2026-09-17 LARANJA | 2026-09-18 LARANJA,2026-09-19
52110_2026-09-15,52110,2026-09-15,"00:33, 00:34","290, 289",FELIX SECURITY GABRIEL,Via Sudeste Sapopemba,SIM,2026-09-11,VERDE,,VERDE,7,2026-09-16 VERDE | 2026-09-17 VERDE | 2026-09-18 VERDE | 2026-09-21 VERDE | 2026-09-22 VERDE | 2026-09-23 VERDE | 2026-09-24 VERDE,
52148_2026-09-15,52148,2026-09-15,00:09,293,FELIX SECURITY GABRIEL,Via Sudeste Sapopemba,SIM,2026-09-11,LARANJA,"FRONTAL (câm 21) ONLINE COM ERRO (SD: error, Gravação: error); FRENTE (câm 22) ONLINE COM ERRO (SD: error, Gravação: error); CORREDOR 2 (câm 24) ONLINE COM ERRO (SD: error, Gravação: error); CORREDOR 3 (câm 25) ONLINE COM ERRO (SD: error, Gravação: error); CORREDOR 4 (câm 26) ONLINE COM ERRO (SD: error, Gravação: error)",LARANJA,7,2026-09-16 LARANJA | 2026-09-17 LARANJA | 2026-09-18 LARANJA | 2026-09-21 LARANJA | 2026-09-22 LARANJA | 2026-09-23 LARANJA | 2026-09-24 LARANJA,
52774_2026-09-15,52774,2026-09-15,01:53,278,FELIX SECURITY GABRIEL,Via Sudeste Sapopemba,SIM,2026-09-11,VERDE,,VERDE,4,2026-09-16 VERDE | 2026-09-17 VERDE | 2026-09-18 VERDE | 2026-09-21 VERDE,
52788_2026-09-15,52788,2026-09-15,01:42,281,FELIX SECURITY GABRIEL,Via Sudeste Sapopemba,SIM,2026-09-11,VERDE,,VERDE,7,2026-09-16 VERDE | 2026-09-17 VERDE | 2026-09-18 VERDE | 2026-09-21 VERDE | 2026-09-22 VERDE | 2026-09-23 VERDE | 2026-09-24 VERDE,
52835_2026-09-15,52835,2026-09-15,01:51,280,FELIX SECURITY GABRIEL,Via Sudeste Sapopemba,SIM,2026-09-11,VERDE,,VERDE,0,,2026-09-16
52901_2026-09-15,52901,2026-09-15,00:25,291,FELIX SECURITY GABRIEL,Via Sudeste Sapopemba,SIM,2026-09-11,VERDE,,VERDE,7,2026-09-16 VERDE | 2026-09-17 VERDE | 2026-09-18 VERDE | 2026-09-21 VERDE | 2026-09-22 VERDE | 2026-09-23 VERDE | 2026-09-24 VERDE,
52905_2026-09-15,52905,2026-09-15,00:01,295,FELIX SECURITY GABRIEL,Via Sudeste Sapopemba,SIM,2026-09-11,LARANJA,"FRONTAL (câm 21) ONLINE COM ERRO (SD: error, Gravação: error); FRENTE (câm 22) ONLINE COM ERRO (SD: error, Gravação: error); CORREDOR 2 (câm 24) ONLINE COM ERRO (SD: error, Gravação: error); CORREDOR 3 (câm 25) ONLINE COM ERRO (SD: error, Gravação: error); CORREDOR 4 (câm 26) ONLINE COM ERRO (SD: error, Gravação: error)",LARANJA,7,2026-09-16 LARANJA | 2026-09-17 LARANJA | 2026-09-18 LARANJA | 2026-09-21 LARANJA | 2026-09-22 LARANJA | 2026-09-23 LARANJA | 2026-09-24 LARANJA,
52909_2026-09-15,52909,2026-09-15,00:19,292,FELIX SECURITY GABRIEL,Via Sudeste Sapopemba,SIM,2026-09-11,VERDE,,VERDE,7,2026-09-16 VERDE | 2026-09-17 VERDE | 2026-09-18 VERDE | 2026-09-21 VERDE | 2026-09-22 VERDE | 2026-09-23 VERDE | 2026-09-24 VERDE,
61213_2026-09-15,61213,2026-09-15,22:15,265,Jonathan Gonçalves,Viação Grajaú,SIM,2026-09-11,LARANJA,"FRONTAL (câm 21) ONLINE COM ERRO (SD: error, Gravação: error)",LARANJA,7,2026-09-16 LARANJA | 2026-09-17 LARANJA | 2026-09-18 LARANJA | 2026-09-21 LARANJA | 2026-09-22 LARANJA | 2026-09-23 LARANJA | 2026-09-24 LARANJA,
61224_2026-09-15,61224,2026-09-15,22:04,266,Jonathan Gonçalves,Viação Grajaú,SIM,2026-09-11,VERMELHO,FRONTAL (câm 21) OFFLINE; FRENTE (câm 22) OFFLINE; CORREDOR 1 (câm 23) OFFLINE,VERMELHO,7,2026-09-16 VERMELHO | 2026-09-17 VERMELHO | 2026-09-18 VERMELHO | 2026-09-21 VERMELHO | 2026-09-22 VERMELHO | 2026-09-23 VERMELHO | 2026-09-24 VERMELHO,
61314_2026-09-15,61314,2026-09-15,23:46,263,Jonathan Gonçalves,Viação Grajaú,SIM,2026-09-11,VERMELHO,FRENTE (câm 22) OFFLINE,VERMELHO,7,2026-09-16 VERDE | 2026-09-17 VERDE | 2026-09-18 VERDE | 2026-09-21 VERDE | 2026-09-22 VERDE | 2026-09-23 VERDE | 2026-09-24 VERDE,
73932_2026-09-15,73932,2026-09-15,01:57,274,John Lima,Viação Metrópole M'Boi Mirim,SIM,2026-09-11,VERMELHO,FRONTAL (câm 21) OFFLINE; FRENTE (câm 22) OFFLINE; CORREDOR 3 (câm 25) OFFLINE,VERDE,7,2026-09-16 VERDE | 2026-09-17 VERDE | 2026-09-18 VERDE | 2026-09-21 VERDE | 2026-09-22 VERDE | 2026-09-23 VERDE | 2026-09-24 VERDE,
11044_2026-09-16,11044,2026-09-16,02:41,234,Leandro Resende,Santa Brigida,SIM,2026-09-15,LARANJA,"CORREDOR 1 (câm 23) ONLINE COM ERRO (SD: error, Gravação: error)",LARANJA,6,2026-09-17 LARANJA | 2026-09-18 LARANJA | 2026-09-21 LARANJA | 2026-09-22 VERMELHO | 2026-09-23 LARANJA | 2026-09-24 LARANJA,
11052_2026-09-16,11052,2026-09-16,02:57,229,Leandro Resende,Santa Brigida,SIM,2026-09-15,LARANJA,"CORREDOR 1 (câm 23) ONLINE COM ERRO (SD: error, Gravação: error)",LARANJA,6,2026-09-17 LARANJA | 2026-09-18 LARANJA | 2026-09-21 LARANJA | 2026-09-22 LARANJA | 2026-09-23 LARANJA | 2026-09-24 LARANJA,
11055_2026-09-16,11055,2026-09-16,03:19,220,Leandro Resende,Santa Brigida,SIM,2026-09-15,LARANJA,"CORREDOR 4 (câm 26) ONLINE COM ERRO (SD: error, Gravação: error)",LARANJA,6,2026-09-17 LARANJA | 2026-09-18 LARANJA | 2026-09-21 LARANJA | 2026-09-22 LARANJA | 2026-09-23 LARANJA | 2026-09-24 LARANJA,
11061_2026-09-16,11061,2026-09-16,01:30,249,Leandro Resende,Santa Brigida,SIM,2026-09-15,VERDE,,VERDE,6,2026-09-17 VERDE | 2026-09-18 VERDE | 2026-09-21 VERDE | 2026-09-22 VERDE | 2026-09-23 VERDE | 2026-09-24 VERDE,
11064_2026-09-16,11064,2026-09-16,01:39,247,Leandro Resende,Santa Brigida,SIM,2026-09-15,LARANJA,"CORREDOR 1 (câm 23) ONLINE COM ERRO (SD: error, Gravação: error)",LARANJA,6,2026-09-17 LARANJA | 2026-09-18 LARANJA | 2026-09-21 VERDE | 2026-09-22 VERDE | 2026-09-23 VERDE | 2026-09-24 VERDE,
11067_2026-09-16,11067,2026-09-16,02:29,238,Leandro Resende,Santa Brigida,SIM,2026-09-15,VERMELHO,"CORREDOR 1 (câm 23) ONLINE COM ERRO (SD: error, Gravação: error); CORREDOR 4 (câm 26) OFFLINE",VERMELHO,6,2026-09-17 VERMELHO | 2026-09-18 VERMELHO | 2026-09-21 VERMELHO | 2026-09-22 VERMELHO | 2026-09-23 VERMELHO | 2026-09-24 VERMELHO,
11068_2026-09-16,11068,2026-09-16,02:19,242,Leandro Resende,Santa Brigida,SIM,2026-09-15,LARANJA,"CORREDOR 3 (câm 25) ONLINE COM ERRO (SD: error, Gravação: error)",LARANJA,6,2026-09-17 LARANJA | 2026-09-18 LARANJA | 2026-09-21 LARANJA | 2026-09-22 LARANJA | 2026-09-23 LARANJA | 2026-09-24 LARANJA,
11086_2026-09-16,11086,2026-09-16,03:39,215,Leandro Resende,Santa Brigida,SIM,2026-09-15,LARANJA,"FRONTAL (câm 21) ONLINE COM ERRO (SD: error, Gravação: error)",VERDE,6,2026-09-17 VERDE | 2026-09-18 VERDE | 2026-09-21 VERDE | 2026-09-22 VERDE | 2026-09-23 VERDE | 2026-09-24 VERDE,
11097_2026-09-16,11097,2026-09-16,00:59,253,Leandro Resende,Santa Brigida,SIM,2026-09-15,VERDE,,VERDE,6,2026-09-17 VERDE | 2026-09-18 VERDE | 2026-09-21 VERDE | 2026-09-22 VERDE | 2026-09-23 VERDE | 2026-09-24 VERDE,
11100_2026-09-16,11100,2026-09-16,03:47,214,Leandro Resende,Santa Brigida,SIM,2026-09-15,VERDE,,VERDE,6,2026-09-17 VERDE | 2026-09-18 VERDE | 2026-09-21 LARANJA | 2026-09-22 LARANJA | 2026-09-23 VERDE | 2026-09-24 VERDE,
11101_2026-09-16,11101,2026-09-16,03:11,224,Leandro Resende,Santa Brigida,SIM,2026-09-15,VERDE,,VERDE,6,2026-09-17 VERDE | 2026-09-18 VERDE | 2026-09-21 VERDE | 2026-09-22 VERDE | 2026-09-23 VERDE | 2026-09-24 VERDE,
11109_2026-09-16,11109,2026-09-16,00:42,257,Leandro Resende,Santa Brigida,SIM,2026-09-15,LARANJA,"FRONTAL (câm 21) ONLINE COM ERRO (SD: error, Gravação: error)",VERDE,6,2026-09-17 VERDE | 2026-09-18 VERDE | 2026-09-21 VERDE | 2026-09-22 VERDE | 2026-09-23 VERDE | 2026-09-24 VERDE,
11111_2026-09-16,11111,2026-09-16,02:49,232,Leandro Resende,Santa Brigida,SIM,2026-09-15,VERDE,,VERDE,6,2026-09-17 VERDE | 2026-09-18 VERDE | 2026-09-21 LARANJA | 2026-09-22 LARANJA | 2026-09-23 LARANJA | 2026-09-24 LARANJA,
11452_2026-09-16,11452,2026-09-16,00:21,260,Leandro Resende,Santa Brigida,SIM,2026-09-15,VERDE,,VERDE,6,2026-09-17 VERDE | 2026-09-18 VERDE | 2026-09-21 VERDE | 2026-09-22 VERDE | 2026-09-23 VERDE | 2026-09-24 VERDE,
31012_2026-09-16,31012,2026-09-16,00:49,255,Gesnei souza,Viação Metrópole Iguatemi,SIM,2026-09-15,VERMELHO,FRONTAL (câm 21) OFFLINE,VERMELHO,6,2026-09-17 VERMELHO | 2026-09-18 VERMELHO | 2026-09-21 VERMELHO | 2026-09-22 VERMELHO | 2026-09-23 VERMELHO | 2026-09-24 VERMELHO,
31100_2026-09-16,31100,2026-09-16,11:56,205,Luiz Rodrigo,Viação Metrópole Iguatemi,SIM,2026-09-15,VERDE,,VERDE,5,2026-09-17 VERDE | 2026-09-18 VERDE | 2026-09-21 VERDE | 2026-09-22 VERDE | 2026-09-24 VERDE,
31210_2026-09-16,31210,2026-09-16,03:00,223,Joel,Viação Metrópole Imperador,SIM,2026-09-15,VERMELHO,FRONTAL (câm 21) OFFLINE; FRENTE (câm 22) OFFLINE; CORREDOR 1 (câm 23) OFFLINE,VERDE,6,2026-09-17 VERDE | 2026-09-18 VERDE | 2026-09-21 VERDE | 2026-09-22 VERDE | 2026-09-23 VERDE | 2026-09-24 VERDE,
31255_2026-09-16,31255,2026-09-16,01:22,251,Gesnei souza,Viação Metrópole Iguatemi,SIM,2026-09-15,VERMELHO,FRONTAL (câm 21) OFFLINE; FRENTE (câm 22) OFFLINE; CORREDOR 1 (câm 23) OFFLINE,VERDE,6,2026-09-17 VERDE | 2026-09-18 VERDE | 2026-09-21 VERDE | 2026-09-22 VERDE | 2026-09-23 VERDE | 2026-09-24 VERDE,
31486_2026-09-16,31486,2026-09-16,13:17,203,Luiz Rodrigo,Viação Metrópole Iguatemi,SIM,2026-09-15,VERMELHO,FRENTE (câm 22) OFFLINE,VERMELHO,6,2026-09-17 VERMELHO | 2026-09-18 VERMELHO | 2026-09-21 VERMELHO | 2026-09-22 VERMELHO | 2026-09-23 VERMELHO | 2026-09-24 VERMELHO,
31503_2026-09-16,31503,2026-09-16,02:50,231,Gesnei souza,Viação Metrópole Iguatemi,SIM,2026-09-15,VERMELHO,FRENTE (câm 22) OFFLINE,VERDE,6,2026-09-17 VERDE | 2026-09-18 VERDE | 2026-09-21 VERDE | 2026-09-22 LARANJA | 2026-09-23 LARANJA | 2026-09-24 LARANJA,
31560_2026-09-16,31560,2026-09-16,02:35,235,Gesnei souza,Viação Metrópole Iguatemi,SIM,2026-09-15,LARANJA,"CORREDOR 1 (câm 23) ONLINE COM ERRO (SD: error, Gravação: error)",VERDE,6,2026-09-17 VERDE | 2026-09-18 VERDE | 2026-09-21 VERDE | 2026-09-22 VERDE | 2026-09-23 VERDE | 2026-09-24 VERDE,
31615_2026-09-16,31615,2026-09-16,00:23,259,Gesnei souza,Viação Metrópole Iguatemi,SIM,2026-09-15,LARANJA,"CORREDOR 1 (câm 23) ONLINE COM ERRO (SD: error, Gravação: error)",VERDE,6,2026-09-17 VERDE | 2026-09-18 VERDE | 2026-09-21 VERDE | 2026-09-22 VERDE | 2026-09-23 VERDE | 2026-09-24 VERDE,
31622_2026-09-16,31622,2026-09-16,12:26,204,Luiz Rodrigo,Viação Metrópole Iguatemi,SIM,2026-09-15,LARANJA,"FRENTE (câm 22) ONLINE COM ERRO (SD: error, Gravação: error)",VERDE,6,2026-09-17 VERDE | 2026-09-18 VERDE | 2026-09-21 LARANJA | 2026-09-22 LARANJA | 2026-09-23 LARANJA | 2026-09-24 LARANJA,
31624_2026-09-16,31624,2026-09-16,01:59,245,Gesnei souza,Viação Metrópole Iguatemi,SIM,2026-09-15,VERMELHO,FRONTAL (câm 21) OFFLINE,VERDE,6,2026-09-17 VERMELHO | 2026-09-18 VERMELHO | 2026-09-21 VERMELHO | 2026-09-22 VERMELHO | 2026-09-23 VERMELHO | 2026-09-24 VERMELHO,
31654_2026-09-16,31654,2026-09-16,"04:07, 10:22","211, 206","Gesnei souza, Luiz Rodrigo",Viação Metrópole Iguatemi,SIM,2026-09-15,LARANJA,"FRONTAL (câm 21) ONLINE COM ERRO (SD: error, Gravação: error)",VERDE,6,2026-09-17 VERDE | 2026-09-18 VERDE | 2026-09-21 VERDE | 2026-09-22 VERDE | 2026-09-23 VERDE | 2026-09-24 VERDE,
31755_2026-09-16,31755,2026-09-16,03:11,222,Gesnei souza,Viação Metrópole Iguatemi,SIM,2026-09-15,LARANJA,"CORREDOR 1 (câm 23) ONLINE COM ERRO (SD: error, Gravação: error)",VERDE,6,2026-09-17 VERDE | 2026-09-18 VERDE | 2026-09-21 LARANJA | 2026-09-22 LARANJA | 2026-09-23 LARANJA | 2026-09-24 LARANJA,
31818_2026-09-16,31818,2026-09-16,03:23,216,Gesnei souza,Viação Metrópole Iguatemi,SIM,2026-09-15,LARANJA,"FRENTE (câm 22) ONLINE COM ERRO (SD: error, Gravação: error)",VERDE,6,2026-09-17 VERDE | 2026-09-18 VERDE | 2026-09-21 VERDE | 2026-09-22 VERDE | 2026-09-23 VERMELHO | 2026-09-24 VERDE,
31844_2026-09-16,31844,2026-09-16,02:49,230,Rafael Diniz,Viação Metrópole Itaim,SIM,2026-09-15,LARANJA,"FRENTE (câm 22) ONLINE COM ERRO (SD: error, Gravação: error)",VERDE,6,2026-09-17 LARANJA | 2026-09-18 LARANJA | 2026-09-21 LARANJA | 2026-09-22 LARANJA | 2026-09-23 LARANJA | 2026-09-24 LARANJA,
31948_2026-09-16,31948,2026-09-16,08:53,207,Luiz Rodrigo,Viação Metrópole Iguatemi,SIM,2026-09-15,VERDE,,VERDE,6,2026-09-17 VERDE | 2026-09-18 VERDE | 2026-09-21 VERDE | 2026-09-22 VERDE | 2026-09-23 VERDE | 2026-09-24 VERDE,
31949_2026-09-16,31949,2026-09-16,14:08,201,Luiz Rodrigo,Viação Metrópole Iguatemi,SIM,2026-09-15,VERDE,,VERDE,6,2026-09-17 VERDE | 2026-09-18 VERDE | 2026-09-21 VERDE | 2026-09-22 VERDE | 2026-09-23 VERDE | 2026-09-24 VERDE,
31951_2026-09-16,31951,2026-09-16,13:51,202,Luiz Rodrigo,Viação Metrópole Iguatemi,SIM,2026-09-15,VERMELHO,FRONTAL (câm 21) OFFLINE,VERDE,6,2026-09-17 VERDE | 2026-09-18 VERDE | 2026-09-21 VERDE | 2026-09-22 VERDE | 2026-09-23 VERDE | 2026-09-24 VERDE,
31964_2026-09-16,31964,2026-09-16,01:00,252,Rafael Diniz,Viação Metrópole Itaim,SIM,2026-09-15,LARANJA,"CORREDOR 3 (câm 25) ONLINE COM ERRO (SD: error, Gravação: error)",VERDE,6,2026-09-17 VERMELHO | 2026-09-18 LARANJA | 2026-09-21 LARANJA | 2026-09-22 LARANJA | 2026-09-23 LARANJA | 2026-09-24 LARANJA,
31973_2026-09-16,31973,2026-09-16,01:25,250,Rafael Diniz,Viação Metrópole Itaim,SIM,2026-09-15,LARANJA,"CORREDOR 1 (câm 23) ONLINE COM ERRO (SD: error, Gravação: error); CORREDOR 2 (câm 24) ONLINE COM ERRO (SD: error, Gravação: error)",VERDE,5,2026-09-17 LARANJA | 2026-09-18 VERDE | 2026-09-22 VERDE | 2026-09-23 VERDE | 2026-09-24 VERDE,
31980_2026-09-16,31980,2026-09-16,00:03,262,Rafael Diniz,Viação Metrópole Itaim,SIM,2026-09-15,VERMELHO,"CORREDOR 1 (câm 23) ONLINE COM ERRO (SD: error, Gravação: error); CORREDOR 3 (câm 25) OFFLINE; CORREDOR 4 (câm 26) OFFLINE",VERMELHO,6,2026-09-17 VERMELHO | 2026-09-18 VERMELHO | 2026-09-21 VERMELHO | 2026-09-22 VERMELHO | 2026-09-23 VERMELHO | 2026-09-24 VERMELHO,
31983_2026-09-16,31983,2026-09-16,00:10,261,Rafael Diniz,Viação Metrópole Itaim,SIM,2026-09-15,LARANJA,"FRONTAL (câm 21) ONLINE COM ERRO (SD: error, Gravação: error); CORREDOR 2 (câm 24) ONLINE COM ERRO (SD: error, Gravação: error)",VERDE,6,2026-09-17 LARANJA | 2026-09-18 VERDE | 2026-09-21 VERDE | 2026-09-22 VERDE | 2026-09-23 VERDE | 2026-09-24 VERDE,
31984_2026-09-16,31984,2026-09-16,00:38,258,Rafael Diniz,Viação Metrópole Itaim,SIM,2026-09-15,LARANJA,"CORREDOR 3 (câm 25) ONLINE COM ERRO (SD: error, Gravação: error)",VERDE,6,2026-09-17 VERDE | 2026-09-18 VERDE | 2026-09-21 VERDE | 2026-09-22 LARANJA | 2026-09-23 VERMELHO | 2026-09-24 VERMELHO,
32100_2026-09-16,32100,2026-09-16,02:03,244,Rafael Diniz,Viação Metrópole Itaim,SIM,2026-09-15,LARANJA,"FRENTE (câm 22) ONLINE COM ERRO (SD: error, Gravação: error)",VERDE,6,2026-09-17 VERDE | 2026-09-18 VERDE | 2026-09-21 VERDE | 2026-09-22 VERDE | 2026-09-23 VERDE | 2026-09-24 VERDE,
32198_2026-09-16,32198,2026-09-16,03:48,213,Rafael Diniz,Viação Metrópole Itaim,SIM,2026-09-15,LARANJA,"CORREDOR 1 (câm 23) ONLINE COM ERRO (SD: error, Gravação: error)",VERDE,6,2026-09-17 VERDE | 2026-09-18 VERDE | 2026-09-21 VERDE | 2026-09-22 VERDE | 2026-09-23 VERDE | 2026-09-24 VERDE,
51057_2026-09-16,51057,2026-09-16,03:22,218,Anderson Silva,Via Sudeste Sapopemba,SIM,2026-09-15,LARANJA,"CORREDOR 1 (câm 23) ONLINE COM ERRO (SD: error, Gravação: error)",LARANJA,6,2026-09-17 LARANJA | 2026-09-18 LARANJA | 2026-09-21 VERMELHO | 2026-09-22 VERMELHO | 2026-09-23 VERMELHO | 2026-09-24 VERMELHO,
51113_2026-09-16,51113,2026-09-16,23:50,197,FELIX SECURITY GABRIEL,Via Sudeste Sapopemba,SIM,2026-09-15,VERDE,,VERDE,6,2026-09-17 VERDE | 2026-09-18 VERDE | 2026-09-21 VERDE | 2026-09-22 VERDE | 2026-09-23 VERDE | 2026-09-24 VERDE,
51116_2026-09-16,51116,2026-09-16,23:40,199,FELIX SECURITY GABRIEL,Via Sudeste Sapopemba,SIM,2026-09-15,VERDE,,VERDE,6,2026-09-17 VERDE | 2026-09-18 VERDE | 2026-09-21 VERDE | 2026-09-22 VERDE | 2026-09-23 VERDE | 2026-09-24 VERDE,
51117_2026-09-16,51117,2026-09-16,23:46,198,FELIX SECURITY GABRIEL,Via Sudeste Sapopemba,SIM,2026-09-15,VERDE,,VERDE,6,2026-09-17 VERDE | 2026-09-18 VERDE | 2026-09-21 VERDE | 2026-09-22 VERDE | 2026-09-23 VERDE | 2026-09-24 VERDE,
52711_2026-09-16,52711,2026-09-16,"03:02, 04:26","227, 209",Anderson Silva,Via Sudeste Sapopemba,SIM,2026-09-15,VERMELHO,"FRONTAL (câm 21) ONLINE COM ERRO (SD: error, Gravação: error); FRENTE (câm 22) OFFLINE",VERMELHO,3,2026-09-17 VERMELHO | 2026-09-18 VERMELHO | 2026-09-21 VERMELHO,
52762_2026-09-16,52762,2026-09-16,03:00,228,Anderson Silva,Via Sudeste Sapopemba,SIM,2026-09-15,VERMELHO,CORREDOR 3 (câm 25) OFFLINE; CORREDOR 4 (câm 26) OFFLINE,VERMELHO,3,2026-09-17 VERMELHO | 2026-09-18 VERMELHO | 2026-09-21 VERMELHO,
52835_2026-09-16,52835,2026-09-16,03:05,226,Anderson Silva,Via Sudeste Sapopemba,SIM,2026-09-15,VERDE,,VERDE,6,2026-09-17 VERDE | 2026-09-18 VERDE | 2026-09-21 VERDE | 2026-09-22 VERDE | 2026-09-23 VERDE | 2026-09-24 VERDE,
52910_2026-09-16,52910,2026-09-16,03:19,219,Anderson Silva,Via Sudeste Sapopemba,SIM,2026-09-15,VERDE,,VERDE,4,2026-09-17 VERDE | 2026-09-18 VERDE | 2026-09-21 VERDE | 2026-09-22 VERDE,
52919_2026-09-16,52919,2026-09-16,"03:11, 04:22","221, 210",Anderson Silva,Via Sudeste Sapopemba,SIM,2026-09-15,VERMELHO,CORREDOR 4 (câm 26) OFFLINE,VERMELHO,6,2026-09-17 VERMELHO | 2026-09-18 VERMELHO | 2026-09-21 VERMELHO | 2026-09-22 VERMELHO | 2026-09-23 VERMELHO | 2026-09-24 VERMELHO,
52932_2026-09-16,52932,2026-09-16,03:08,225,Anderson Silva,Via Sudeste Sapopemba,SIM,2026-09-11,VERMELHO,FRONTAL (câm 21) OFFLINE,VERDE,6,2026-09-17 VERDE | 2026-09-18 VERDE | 2026-09-21 VERDE | 2026-09-22 VERDE | 2026-09-23 VERDE | 2026-09-24 VERDE,
52936_2026-09-16,52936,2026-09-16,"03:24, 04:29","217, 208",Anderson Silva,Via Sudeste Sapopemba,SIM,2026-09-15,LARANJA,"FRONTAL (câm 21) ONLINE COM ERRO (SD: error, Gravação: error); FRENTE (câm 22) ONLINE COM ERRO (SD: error, Gravação: error); CORREDOR 2 (câm 24) ONLINE COM ERRO (SD: error, Gravação: error); CORREDOR 3 (câm 25) ONLINE COM ERRO (SD: error, Gravação: error); CORREDOR 4 (câm 26) ONLINE COM ERRO (SD: error, Gravação: error)",LARANJA,6,2026-09-17 LARANJA | 2026-09-18 LARANJA | 2026-09-21 VERMELHO | 2026-09-22 VERMELHO | 2026-09-23 VERMELHO | 2026-09-24 VERMELHO,
61228_2026-09-16,61228,2026-09-16,01:31,248,Jonathan Gonçalves,Viação Grajaú,SIM,2026-09-15,VERDE,,VERDE,6,2026-09-17 VERDE | 2026-09-18 VERDE | 2026-09-21 VERMELHO | 2026-09-22 VERDE | 2026-09-23 VERDE | 2026-09-24 VERDE,
61316_2026-09-16,61316,2026-09-16,02:21,240,Jonathan Gonçalves,Viação Grajaú,SIM,2026-09-15,VERMELHO,CORREDOR 2 (câm 24) OFFLINE; CORREDOR 4 (câm 26) OFFLINE,VERMELHO,4,2026-09-17 VERMELHO | 2026-09-18 VERMELHO | 2026-09-23 LARANJA | 2026-09-24 LARANJA,
61327_2026-09-16,61327,2026-09-16,02:00,246,Jonathan Gonçalves,Viação Grajaú,SIM,2026-09-15,VERMELHO,CORREDOR 1 (câm 23) OFFLINE,VERDE,5,2026-09-17 VERDE | 2026-09-21 VERDE | 2026-09-22 VERMELHO | 2026-09-23 VERMELHO | 2026-09-24 VERDE,
61511_2026-09-16,61511,2026-09-16,22:39,200,Jonathan Gonçalves,Viação Grajaú,SIM,2026-09-15,LARANJA,"FRONTAL (câm 21) ONLINE COM ERRO (SD: error, Gravação: error); CORREDOR 3 (câm 25) ONLINE COM ERRO (SD: error, Gravação: error); CORREDOR 4 (câm 26) ONLINE COM ERRO (SD: error, Gravação: error)",LARANJA,6,2026-09-17 VERMELHO | 2026-09-18 LARANJA | 2026-09-21 VERMELHO | 2026-09-22 LARANJA | 2026-09-23 LARANJA | 2026-09-24 VERMELHO,
68043_2026-09-16,68043,2026-09-16,03:56,212,Rafael Menezes Rocha,A2 Transportes,SIM,2026-09-15,LARANJA,"FRONTAL (câm 21) ONLINE COM ERRO (SD: error, Gravação: error)",VERDE,6,2026-09-17 VERDE | 2026-09-18 VERDE | 2026-09-21 VERDE | 2026-09-22 VERDE | 2026-09-23 VERDE | 2026-09-24 VERDE,
68465_2026-09-16,68465,2026-09-16,02:12,243,Rafael Menezes Rocha,A2 Transportes,SIM,2026-09-15,VERDE,,VERDE,6,2026-09-17 VERDE | 2026-09-18 VERDE | 2026-09-21 VERDE | 2026-09-22 VERDE | 2026-09-23 VERMELHO | 2026-09-24 VERDE,
68582_2026-09-16,68582,2026-09-16,02:35,236,Rafael Menezes Rocha,A2 Transportes,SIM,2026-09-15,VERDE,,VERDE,6,2026-09-17 VERDE | 2026-09-18 VERDE | 2026-09-21 VERDE | 2026-09-22 VERDE | 2026-09-23 VERDE | 2026-09-24 VERDE,
68589_2026-09-16,68589,2026-09-16,02:29,237,Rafael Menezes Rocha,A2 Transportes,SIM,,,,,4,2026-09-21 VERDE | 2026-09-22 VERDE | 2026-09-23 VERDE | 2026-09-24 VERDE,
68594_2026-09-16,68594,2026-09-16,"02:17, 02:23","241, 239",Rafael Menezes Rocha,A2 Transportes,SIM,,,,,4,2026-09-21 VERDE | 2026-09-22 VERDE | 2026-09-23 VERDE | 2026-09-24 VERDE,
73362_2026-09-16,73362,2026-09-16,02:44,233,John Lima,Viação Metrópole M'Boi Mirim,SIM,2026-09-15,VERMELHO,FRONTAL (câm 21) OFFLINE,VERDE,6,2026-09-17 VERDE | 2026-09-18 VERDE | 2026-09-21 VERDE | 2026-09-22 VERDE | 2026-09-23 VERDE | 2026-09-24 VERMELHO,
73767_2026-09-16,73767,2026-09-16,00:55,254,Abner Melo,Viação Metrópole Pinedo,SIM,2026-09-15,VERMELHO,"FRONTAL (câm 21) ONLINE COM ERRO (SD: error, Gravação: error); FRENTE (câm 22) OFFLINE; CORREDOR 1 (câm 23) OFFLINE; CORREDOR 2 (câm 24) OFFLINE; CORREDOR 3 (câm 25) OFFLINE; CORREDOR 4 (câm 26) OFFLINE",VERDE,6,2026-09-17 VERDE | 2026-09-18 VERDE | 2026-09-21 VERDE | 2026-09-22 VERDE | 2026-09-23 VERDE | 2026-09-24 VERDE,
73785_2026-09-16,73785,2026-09-16,00:43,256,Abner Melo,Viação Metrópole Pinedo,SIM,2026-09-15,LARANJA,"FRONTAL (câm 21) ONLINE COM ERRO (SD: error, Gravação: error); FRENTE (câm 22) ONLINE COM ERRO (SD: error, Gravação: error); CORREDOR 1 (câm 23) ONLINE COM ERRO (SD: error, Gravação: error); CORREDOR 2 (câm 24) ONLINE COM ERRO (SD: error, Gravação: error); CORREDOR 3 (câm 25) ONLINE COM ERRO (SD: error, Gravação: error); CORREDOR 4 (câm 26) ONLINE COM ERRO (SD: error, Gravação: error)",VERDE,6,2026-09-17 VERDE | 2026-09-18 VERDE | 2026-09-21 VERDE | 2026-09-22 VERDE | 2026-09-23 VERDE | 2026-09-24 VERDE,
11038_2026-09-17,11038,2026-09-17,01:06,184,Leandro Resende,Santa Brigida,SIM,2026-09-16,VERDE,,VERDE,5,2026-09-18 VERDE | 2026-09-21 VERDE | 2026-09-22 VERDE | 2026-09-23 VERDE | 2026-09-24 VERDE,
11053_2026-09-17,11053,2026-09-17,00:39,188,Leandro Resende,Santa Brigida,SIM,2026-09-16,LARANJA,"CORREDOR 4 (câm 26) ONLINE COM ERRO (SD: error, Gravação: error)",LARANJA,5,2026-09-18 LARANJA | 2026-09-21 LARANJA | 2026-09-22 LARANJA | 2026-09-23 LARANJA | 2026-09-24 LARANJA,
11078_2026-09-17,11078,2026-09-17,00:54,185,Leandro Resende,Santa Brigida,SIM,2026-09-16,VERDE,,VERDE,5,2026-09-18 VERDE | 2026-09-21 LARANJA | 2026-09-22 LARANJA | 2026-09-23 LARANJA | 2026-09-24 LARANJA,
11088_2026-09-17,11088,2026-09-17,01:42,175,Leandro Resende,Santa Brigida,SIM,2026-09-16,VERDE,,VERDE,5,2026-09-18 VERDE | 2026-09-21 VERDE | 2026-09-22 VERDE | 2026-09-23 VERDE | 2026-09-24 VERDE,
11103_2026-09-17,11103,2026-09-17,01:17,181,Leandro Resende,Santa Brigida,SIM,2026-09-16,LARANJA,"FRENTE (câm 22) ONLINE COM ERRO (SD: error, Gravação: error)",VERDE,1,2026-09-18 VERDE,2026-09-19
11536_2026-09-17,11536,2026-09-17,03:39,157,Leandro Resende,Santa Brigida,SIM,2026-09-16,VERDE,,VERDE,5,2026-09-18 VERDE | 2026-09-21 VERDE | 2026-09-22 VERDE | 2026-09-23 VERDE | 2026-09-24 VERDE,
11669_2026-09-17,11669,2026-09-17,03:29,159,Leandro Resende,Santa Brigida,SIM,2026-09-16,VERDE,,VERDE,5,2026-09-18 VERDE | 2026-09-21 VERDE | 2026-09-22 VERDE | 2026-09-23 VERDE | 2026-09-24 VERDE,
11689_2026-09-17,11689,2026-09-17,02:16,169,Leandro Resende,Santa Brigida,SIM,2026-09-16,VERDE,,VERDE,5,2026-09-18 VERDE | 2026-09-21 VERDE | 2026-09-22 VERDE | 2026-09-23 VERDE | 2026-09-24 VERDE,
11691_2026-09-17,11691,2026-09-17,02:34,168,Leandro Resende,Santa Brigida,SIM,2026-09-16,VERDE,,VERDE,5,2026-09-18 VERDE | 2026-09-21 VERDE | 2026-09-22 VERDE | 2026-09-23 VERDE | 2026-09-24 VERDE,
11695_2026-09-17,11695,2026-09-17,03:17,160,Leandro Resende,Santa Brigida,SIM,2026-09-16,VERMELHO,FRONTAL (câm 21) OFFLINE; FRENTE (câm 22) OFFLINE; CORREDOR 1 (câm 23) OFFLINE,VERDE,5,2026-09-18 VERDE | 2026-09-21 VERDE | 2026-09-22 VERDE | 2026-09-23 VERMELHO | 2026-09-24 VERMELHO,
11714_2026-09-17,11714,2026-09-17,02:55,165,Leandro Resende,Santa Brigida,SIM,2026-09-16,VERDE,,VERDE,5,2026-09-18 VERDE | 2026-09-21 VERDE | 2026-09-22 VERDE | 2026-09-23 VERDE | 2026-09-24 VERDE,
11764_2026-09-17,11764,2026-09-17,01:55,172,Leandro Resende,Santa Brigida,SIM,2026-09-16,VERDE,,VERDE,5,2026-09-18 VERDE | 2026-09-21 VERDE | 2026-09-22 VERDE | 2026-09-23 VERDE | 2026-09-24 VERDE,
31180_2026-09-17,31180,2026-09-17,02:45,167,Joel,Viação Metrópole Imperador,SIM,2026-09-16,VERMELHO,CORREDOR 4 (câm 26) OFFLINE,VERMELHO,5,2026-09-18 VERMELHO | 2026-09-21 VERMELHO | 2026-09-22 VERMELHO | 2026-09-23 VERMELHO | 2026-09-24 VERMELHO,
31204_2026-09-17,31204,2026-09-17,03:33,158,Joel,Viação Metrópole Imperador,SIM,2026-09-16,VERMELHO,"FRONTAL (câm 21) ONLINE COM ERRO (SD: error, Gravação: error); CORREDOR 3 (câm 25) OFFLINE; CORREDOR 4 (câm 26) ONLINE COM ERRO (SD: error, Gravação: error)",LARANJA,5,2026-09-18 LARANJA | 2026-09-21 LARANJA | 2026-09-22 LARANJA | 2026-09-23 LARANJA | 2026-09-24 LARANJA,
31205_2026-09-17,31205,2026-09-17,04:51,153,Joel,Viação Metrópole Imperador,SIM,2026-09-16,VERMELHO,CORREDOR 3 (câm 25) OFFLINE; CORREDOR 4 (câm 26) OFFLINE,VERMELHO,5,2026-09-18 VERMELHO | 2026-09-21 VERMELHO | 2026-09-22 VERMELHO | 2026-09-23 VERMELHO | 2026-09-24 VERMELHO,
31212_2026-09-17,31212,2026-09-17,01:21,176,Joel,Viação Metrópole Imperador,SIM,2026-09-16,VERMELHO,FRENTE (câm 22) OFFLINE; CORREDOR 2 (câm 24) OFFLINE,VERDE,5,2026-09-18 VERDE | 2026-09-21 VERDE | 2026-09-22 VERDE | 2026-09-23 VERDE | 2026-09-24 VERDE,
31661_2026-09-17,31661,2026-09-17,09:11,150,Luiz Rodrigo,Viação Metrópole Iguatemi,SIM,2026-09-16,VERDE,,VERDE,5,2026-09-18 VERDE | 2026-09-21 VERDE | 2026-09-22 VERDE | 2026-09-23 VERDE | 2026-09-24 VERDE,
31670_2026-09-17,31670,2026-09-17,11:13,148,Luiz Rodrigo,Viação Metrópole Iguatemi,SIM,2026-09-16,VERDE,,VERDE,5,2026-09-18 VERDE | 2026-09-21 VERDE | 2026-09-22 VERDE | 2026-09-23 VERDE | 2026-09-24 VERDE,
31816_2026-09-17,31816,2026-09-17,09:36,149,Luiz Rodrigo,Viação Metrópole Iguatemi,SIM,2026-09-16,VERDE,,VERDE,2,2026-09-18 VERDE | 2026-09-24 VERDE,
31950_2026-09-17,31950,2026-09-17,08:32,151,Luiz Rodrigo,Viação Metrópole Iguatemi,SIM,2026-09-16,VERDE,,VERDE,5,2026-09-18 VERDE | 2026-09-21 VERDE | 2026-09-22 VERDE | 2026-09-23 VERDE | 2026-09-24 VERDE,
31972_2026-09-17,31972,2026-09-17,00:39,187,Rafael Diniz,Viação Metrópole Itaim,SIM,2026-09-16,LARANJA,"FRONTAL (câm 21) ONLINE COM ERRO (SD: error, Gravação: error); FRENTE (câm 22) ONLINE COM ERRO (SD: error, Gravação: error); CORREDOR 1 (câm 23) ONLINE COM ERRO (SD: error, Gravação: error); CORREDOR 2 (câm 24) ONLINE COM ERRO (SD: error, Gravação: error); CORREDOR 3 (câm 25) ONLINE COM ERRO (SD: error, Gravação: error)",VERDE,5,2026-09-18 LARANJA | 2026-09-21 LARANJA | 2026-09-22 LARANJA | 2026-09-23 VERDE | 2026-09-24 LARANJA,
32091_2026-09-17,32091,2026-09-17,01:19,179,Rafael Diniz,Viação Metrópole Itaim,SIM,2026-09-16,LARANJA,"FRONTAL (câm 21) ONLINE COM ERRO (SD: error, Gravação: error)",VERDE,5,2026-09-18 VERDE | 2026-09-21 VERDE | 2026-09-22 VERDE | 2026-09-23 VERDE | 2026-09-24 VERDE,
32129_2026-09-17,32129,2026-09-17,00:14,192,Rafael Diniz,Viação Metrópole Itaim,SIM,2026-09-16,LARANJA,"FRONTAL (câm 21) ONLINE COM ERRO (SD: error, Gravação: error)",VERDE,5,2026-09-18 VERDE | 2026-09-21 VERDE | 2026-09-22 VERDE | 2026-09-23 VERDE | 2026-09-24 VERDE,
51003_2026-09-17,51003,2026-09-17,01:21,178,Anderson Silva,Via Sudeste Sapopemba,SIM,2026-09-16,VERDE,,VERDE,5,2026-09-18 VERDE | 2026-09-21 VERDE | 2026-09-22 VERDE | 2026-09-23 VERDE | 2026-09-24 VERDE,
51079_2026-09-17,51079,2026-09-17,03:02,164,Anderson Silva,Via Sudeste Sapopemba,SIM,2026-09-16,VERDE,,VERDE,5,2026-09-18 VERDE | 2026-09-21 VERDE | 2026-09-22 VERDE | 2026-09-23 VERDE | 2026-09-24 VERDE,
51111_2026-09-17,51111,2026-09-17,03:05,163,Anderson Silva,Via Sudeste Sapopemba,SIM,2026-09-16,VERDE,,VERDE,5,2026-09-18 VERDE | 2026-09-21 VERMELHO | 2026-09-22 VERDE | 2026-09-23 VERDE | 2026-09-24 VERDE,
51132_2026-09-17,51132,2026-09-17,03:08,161,Anderson Silva,Via Sudeste Sapopemba,SIM,2026-09-16,LARANJA,"FRONTAL (câm 21) ONLINE COM ERRO (SD: error, Gravação: error)",LARANJA,5,2026-09-18 LARANJA | 2026-09-21 LARANJA | 2026-09-22 LARANJA | 2026-09-23 LARANJA | 2026-09-24 LARANJA,
51133_2026-09-17,51133,2026-09-17,00:32,189,FELIX SECURITY GABRIEL,Via Sudeste Sapopemba,SIM,2026-09-16,LARANJA,"FRONTAL (câm 21) ONLINE COM ERRO (SD: error, Gravação: error)",LARANJA,5,2026-09-18 LARANJA | 2026-09-21 LARANJA | 2026-09-22 LARANJA | 2026-09-23 LARANJA | 2026-09-24 LARANJA,
51143_2026-09-17,51143,2026-09-17,01:18,180,Anderson Silva,Via Sudeste Sapopemba,SIM,2026-09-16,VERDE,,VERDE,5,2026-09-18 VERDE | 2026-09-21 VERDE | 2026-09-22 VERDE | 2026-09-23 VERDE | 2026-09-24 VERDE,
52041_2026-09-17,52041,2026-09-17,01:12,183,Anderson Silva,Via Sudeste Sapopemba,SIM,2026-09-16,VERDE,,VERDE,5,2026-09-18 VERDE | 2026-09-21 VERDE | 2026-09-22 VERDE | 2026-09-23 VERDE | 2026-09-24 VERDE,
52042_2026-09-17,52042,2026-09-17,00:03,196,FELIX SECURITY GABRIEL,Via Sudeste Sapopemba,SIM,2026-09-16,LARANJA,"FRONTAL (câm 21) ONLINE COM ERRO (SD: error, Gravação: error)",LARANJA,5,2026-09-18 LARANJA | 2026-09-21 LARANJA | 2026-09-22 LARANJA | 2026-09-23 LARANJA | 2026-09-24 LARANJA,
52055_2026-09-17,52055,2026-09-17,03:07,162,Anderson Silva,Via Sudeste Sapopemba,SIM,2026-09-16,LARANJA,"FRENTE (câm 22) ONLINE COM ERRO (SD: error, Gravação: error)",LARANJA,5,2026-09-18 LARANJA | 2026-09-21 LARANJA | 2026-09-22 LARANJA | 2026-09-23 LARANJA | 2026-09-24 LARANJA,
52070_2026-09-17,52070,2026-09-17,01:14,182,Anderson Silva,Via Sudeste Sapopemba,SIM,2026-09-16,VERDE,,VERDE,5,2026-09-18 VERDE | 2026-09-21 VERDE | 2026-09-22 VERDE | 2026-09-23 VERDE | 2026-09-24 VERDE,
52074_2026-09-17,52074,2026-09-17,"00:13, 00:17","194, 191",FELIX SECURITY GABRIEL,Via Sudeste Sapopemba,SIM,2026-09-16,VERDE,,VERDE,5,2026-09-18 VERDE | 2026-09-21 VERDE | 2026-09-22 VERDE | 2026-09-23 VERDE | 2026-09-24 VERDE,
52078_2026-09-17,52078,2026-09-17,00:07,195,FELIX SECURITY GABRIEL,Via Sudeste Sapopemba,SIM,2026-09-16,VERDE,,VERDE,5,2026-09-18 VERDE | 2026-09-21 VERDE | 2026-09-22 VERDE | 2026-09-23 VERDE | 2026-09-24 VERDE,
52103_2026-09-17,52103,2026-09-17,02:02,171,FELIX SECURITY GABRIEL,Via Sudeste Sapopemba,SIM,2026-09-16,LARANJA,"CORREDOR 2 (câm 24) ONLINE COM ERRO (SD: error, Gravação: error)",LARANJA,5,2026-09-18 LARANJA | 2026-09-21 LARANJA | 2026-09-22 LARANJA | 2026-09-23 LARANJA | 2026-09-24 LARANJA,
52105_2026-09-17,52105,2026-09-17,02:07,170,FELIX SECURITY GABRIEL,Via Sudeste Sapopemba,SIM,2026-09-16,VERDE,,VERDE,5,2026-09-18 VERDE | 2026-09-21 VERDE | 2026-09-22 VERDE | 2026-09-23 VERDE | 2026-09-24 VERDE,
52745_2026-09-17,52745,2026-09-17,01:23,177,Anderson Silva,Via Sudeste Sapopemba,SIM,2026-09-16,LARANJA,"CORREDOR 4 (câm 26) ONLINE COM ERRO (SD: error, Gravação: error)",LARANJA,5,2026-09-18 LARANJA | 2026-09-21 LARANJA | 2026-09-22 LARANJA | 2026-09-23 LARANJA | 2026-09-24 LARANJA,
52913_2026-09-17,52913,2026-09-17,01:50,173,FELIX SECURITY GABRIEL,Via Sudeste Sapopemba,SIM,2026-09-16,VERDE,,VERDE,5,2026-09-18 VERDE | 2026-09-21 VERDE | 2026-09-22 VERDE | 2026-09-23 VERDE | 2026-09-24 VERDE,
52924_2026-09-17,52924,2026-09-17,01:45,174,FELIX SECURITY GABRIEL,Via Sudeste Sapopemba,SIM,2026-09-16,VERDE,,VERDE,5,2026-09-18 VERDE | 2026-09-21 VERDE | 2026-09-22 VERDE | 2026-09-23 VERDE | 2026-09-24 VERDE,
61065_2026-09-17,61065,2026-09-17,00:47,186,Jonathan Gonçalves,Viação Grajaú,SIM,2026-09-16,LARANJA,"CORREDOR 4 (câm 26) ONLINE COM ERRO (SD: error, Gravação: error)",LARANJA,5,2026-09-18 LARANJA | 2026-09-21 LARANJA | 2026-09-22 LARANJA | 2026-09-23 LARANJA | 2026-09-24 LARANJA,
61334_2026-09-17,61334,2026-09-17,02:53,166,Jonathan Gonçalves,Viação Grajaú,SIM,2026-09-16,VERMELHO,FRONTAL (câm 21) OFFLINE; FRENTE (câm 22) OFFLINE; CORREDOR 1 (câm 23) OFFLINE; CORREDOR 2 (câm 24) OFFLINE; CORREDOR 3 (câm 25) OFFLINE; CORREDOR 4 (câm 26) OFFLINE,VERMELHO,5,2026-09-18 VERMELHO | 2026-09-21 VERMELHO | 2026-09-22 VERMELHO | 2026-09-23 VERMELHO | 2026-09-24 VERMELHO,
61571_2026-09-17,61571,2026-09-17,00:17,190,Jonathan Gonçalves,Viação Grajaú,SIM,2026-09-16,VERMELHO,FRONTAL (câm 21) OFFLINE; FRENTE (câm 22) OFFLINE; CORREDOR 1 (câm 23) OFFLINE; CORREDOR 2 (câm 24) OFFLINE; CORREDOR 3 (câm 25) OFFLINE; CORREDOR 4 (câm 26) OFFLINE,VERDE,5,2026-09-18 VERDE | 2026-09-21 VERDE | 2026-09-22 VERDE | 2026-09-23 VERDE | 2026-09-24 VERDE,
68639_2026-09-17,68639,2026-09-17,04:18,155,Rafael Menezes Rocha,A2 Transportes,SIM,,,,,4,2026-09-21 VERMELHO | 2026-09-22 VERMELHO | 2026-09-23 VERMELHO | 2026-09-24 VERMELHO,
68640_2026-09-17,68640,2026-09-17,05:12,152,Rafael Menezes Rocha,A2 Transportes,SIM,,,,,4,2026-09-21 VERMELHO | 2026-09-22 VERMELHO | 2026-09-23 VERMELHO | 2026-09-24 VERMELHO,
68657_2026-09-17,68657,2026-09-17,04:44,154,Rafael Menezes Rocha,A2 Transportes,SIM,,,,,4,2026-09-21 VERMELHO | 2026-09-22 VERMELHO | 2026-09-23 VERMELHO | 2026-09-24 VERMELHO,
73203_2026-09-17,73203,2026-09-17,00:08,193,John Lima,Viação Metrópole M'Boi Mirim,SIM,2026-09-16,VERMELHO,FRONTAL (câm 21) OFFLINE,VERDE,5,2026-09-18 VERDE | 2026-09-21 VERDE | 2026-09-22 VERDE | 2026-09-23 VERDE | 2026-09-24 VERDE,
73357_2026-09-17,73357,2026-09-17,03:44,156,John Lima,Viação Metrópole M'Boi Mirim,SIM,2026-09-11,VERMELHO,FRONTAL (câm 21) OFFLINE; FRENTE (câm 22) OFFLINE; CORREDOR 1 (câm 23) OFFLINE,,0,,
31094_2026-09-18,31094,2026-09-18,14:54,142,Luiz Rodrigo,Viação Metrópole Iguatemi,SIM,2026-09-17,VERMELHO,FRONTAL (câm 21) OFFLINE; FRENTE (câm 22) OFFLINE; CORREDOR 1 (câm 23) OFFLINE; CORREDOR 2 (câm 24) OFFLINE; CORREDOR 3 (câm 25) OFFLINE; CORREDOR 4 (câm 26) OFFLINE,VERMELHO,4,2026-09-21 VERMELHO | 2026-09-22 VERMELHO | 2026-09-23 VERMELHO | 2026-09-24 VERMELHO,
31262_2026-09-18,31262,2026-09-18,13:43,144,Lui,Viação Metrópole Iguatemi,SIM,2026-09-17,VERMELHO,CORREDOR 2 (câm 24) OFFLINE,VERMELHO,4,2026-09-21 VERMELHO | 2026-09-22 VERMELHO | 2026-09-23 VERMELHO | 2026-09-24 VERMELHO,
31593_2026-09-18,31593,2026-09-18,11:23,147,Luiz Rodrigo,Viação Metrópole Iguatemi,SIM,2026-09-17,VERDE,,VERDE,4,2026-09-21 VERDE | 2026-09-22 VERDE | 2026-09-23 VERDE | 2026-09-24 VERDE,
31664_2026-09-18,31664,2026-09-18,12:18,145,Luiz Rodrigo,Viação Metrópole Iguatemi,SIM,2026-09-17,VERMELHO,FRONTAL (câm 21) OFFLINE,VERMELHO,4,2026-09-21 VERMELHO | 2026-09-22 VERMELHO | 2026-09-23 VERMELHO | 2026-09-24 VERMELHO,
31771_2026-09-18,31771,2026-09-18,14:07,143,Luiz Rodrigo,Viação Metrópole Iguatemi,SIM,2026-09-17,VERDE,,VERDE,4,2026-09-21 VERDE | 2026-09-22 VERDE | 2026-09-23 VERDE | 2026-09-24 VERDE,
31823_2026-09-18,31823,2026-09-18,11:45,146,Luiz Rodrigo,Viação Metrópole Iguatemi,SIM,2026-09-17,VERDE,,VERDE,4,2026-09-21 VERDE | 2026-09-22 VERDE | 2026-09-23 VERDE | 2026-09-24 VERDE,
51573_2026-09-18,51573,2026-09-18,"23:29, 23:45","134, 130",FELIX SECURITY GABRIEL,Via Sudeste Sapopemba,SIM,2026-09-17,VERDE,,VERDE,4,2026-09-21 VERDE | 2026-09-22 VERDE | 2026-09-23 VERDE | 2026-09-24 VERDE,
52104_2026-09-18,52104,2026-09-18,22:46,140,FELIX SECURITY GABRIEL,Via Sudeste Sapopemba,SIM,2026-09-17,LARANJA,"FRENTE (câm 22) ONLINE COM ERRO (SD: error, Gravação: error)",LARANJA,4,2026-09-21 LARANJA | 2026-09-22 VERMELHO | 2026-09-23 LARANJA | 2026-09-24 LARANJA,
52115_2026-09-18,52115,2026-09-18,23:40,131,FELIX SECURITY GABRIEL,Via Sudeste Sapopemba,SIM,2026-09-17,VERDE,,VERDE,4,2026-09-21 VERDE | 2026-09-22 VERDE | 2026-09-23 VERDE | 2026-09-24 VERDE,
52749_2026-09-18,52749,2026-09-18,23:22,135,FELIX SECURITY GABRIEL,Via Sudeste Sapopemba,SIM,2026-09-17,VERMELHO,"FRENTE (câm 22) ONLINE COM ERRO (SD: error, Gravação: error); CORREDOR 2 (câm 24) OFFLINE",VERMELHO,4,2026-09-21 LARANJA | 2026-09-22 VERMELHO | 2026-09-23 VERMELHO | 2026-09-24 VERMELHO,
52754_2026-09-18,52754,2026-09-18,23:36,133,FELIX SECURITY GABRIEL,Via Sudeste Sapopemba,SIM,2026-09-17,VERDE,,VERDE,4,2026-09-21 VERDE | 2026-09-22 VERDE | 2026-09-23 VERDE | 2026-09-24 VERDE,
52775_2026-09-18,52775,2026-09-18,22:56,138,FELIX SECURITY GABRIEL,Via Sudeste Sapopemba,SIM,2026-09-17,LARANJA,"FRONTAL (câm 21) ONLINE COM ERRO (SD: error, Gravação: error); FRENTE (câm 22) ONLINE COM ERRO (SD: error, Gravação: error)",LARANJA,4,2026-09-21 LARANJA | 2026-09-22 LARANJA | 2026-09-23 LARANJA | 2026-09-24 LARANJA,
52796_2026-09-18,52796,2026-09-18,23:05,137,FELIX SECURITY GABRIEL,Via Sudeste Sapopemba,SIM,2026-09-17,VERMELHO,CORREDOR 1 (câm 23) OFFLINE,VERMELHO,4,2026-09-21 VERDE | 2026-09-22 VERDE | 2026-09-23 VERDE | 2026-09-24 VERMELHO,
52834_2026-09-18,52834,2026-09-18,23:13,136,FELIX SECURITY GABRIEL,Via Sudeste Sapopemba,SIM,2026-09-17,VERDE,,VERDE,4,2026-09-21 VERDE | 2026-09-22 VERDE | 2026-09-23 VERDE | 2026-09-24 VERDE,
52843_2026-09-18,52843,2026-09-18,22:53,139,FELIX SECURITY GABRIEL,Via Sudeste Sapopemba,SIM,2026-09-17,VERDE,,VERDE,4,2026-09-21 VERDE | 2026-09-22 VERDE | 2026-09-23 VERDE | 2026-09-24 VERDE,
61414_2026-09-18,61414,2026-09-18,23:39,132,Jonathan Gonçalves,Viação Grajaú,SIM,2026-09-17,VERDE,,VERDE,4,2026-09-21 VERDE | 2026-09-22 VERDE | 2026-09-23 VERDE | 2026-09-24 VERDE,
61654_2026-09-18,61654,2026-09-18,22:02,141,Jonathan Gonçalves,Viação Grajaú,SIM,2026-09-17,VERDE,,VERDE,4,2026-09-21 VERDE | 2026-09-22 VERDE | 2026-09-23 VERDE | 2026-09-24 VERDE,
11103_2026-09-19,11103,2026-09-19,00:57,125,Leandro Resende,Santa Brigida,SIM,2026-09-18,VERDE,,,4,2026-09-21 VERDE | 2026-09-22 VERDE | 2026-09-23 VERDE | 2026-09-24 VERDE,
11435_2026-09-19,11435,2026-09-19,03:25,111,Leandro Resende,Santa Brigida,NÃO,,,,,0,,
11738_2026-09-19,11738,2026-09-19,02:21,115,Leandro Resende,Santa Brigida,SIM,2026-09-18,VERDE,,,4,2026-09-21 VERDE | 2026-09-22 VERDE | 2026-09-23 VERDE | 2026-09-24 VERDE,
11755_2026-09-19,11755,2026-09-19,01:40,117,Leandro Resende,Santa Brigida,SIM,2026-09-18,VERMELHO,FRENTE (câm 22) OFFLINE,,4,2026-09-21 VERMELHO | 2026-09-22 VERMELHO | 2026-09-23 VERMELHO | 2026-09-24 VERDE,
11759_2026-09-19,11759,2026-09-19,02:30,114,Leandro Resende,Santa Brigida,SIM,2026-09-18,VERDE,,,4,2026-09-21 VERDE | 2026-09-22 VERDE | 2026-09-23 VERDE | 2026-09-24 VERDE,
11819_2026-09-19,11819,2026-09-19,02:11,116,Leandro Resende,Santa Brigida,SIM,2026-09-18,LARANJA,"CORREDOR 1 (câm 23) ONLINE COM ERRO (SD: error, Gravação: error)",,4,2026-09-21 LARANJA | 2026-09-22 LARANJA | 2026-09-23 LARANJA | 2026-09-24 LARANJA,
11884_2026-09-19,11884,2026-09-19,02:54,113,Leandro Resende,Santa Brigida,SIM,2026-09-18,VERMELHO,"FRONTAL (câm 21) ONLINE COM ERRO (SD: error, Gravação: error); FRENTE (câm 22) OFFLINE",,4,2026-09-21 VERMELHO | 2026-09-22 VERMELHO | 2026-09-23 VERMELHO | 2026-09-24 VERMELHO,
31136_2026-09-19,31136,2026-09-19,01:11,124,Joel,Viação Metrópole Imperador,SIM,2026-09-18,LARANJA,"FRENTE (câm 22) ONLINE COM ERRO (SD: error, Gravação: error)",,4,2026-09-21 LARANJA | 2026-09-22 LARANJA | 2026-09-23 LARANJA | 2026-09-24 LARANJA,
31165_2026-09-19,31165,2026-09-19,00:38,126,Joel,Viação Metrópole Imperador,SIM,2026-09-18,LARANJA,"FRENTE (câm 22) ONLINE COM ERRO (SD: error, Gravação: error)",,4,2026-09-21 LARANJA | 2026-09-22 VERMELHO | 2026-09-23 LARANJA | 2026-09-24 LARANJA,
51060_2026-09-19,51060,2026-09-19,"03:51, 04:07","108, 107",Anderson Silva,Via Sudeste Sapopemba,SIM,2026-09-18,VERMELHO,FRONTAL (câm 21) OFFLINE,,4,2026-09-21 VERMELHO | 2026-09-22 VERMELHO | 2026-09-23 VERMELHO | 2026-09-24 VERMELHO,
51121_2026-09-19,51121,2026-09-19,03:03,112,Anderson Silva,Via Sudeste Sapopemba,SIM,2026-09-18,VERMELHO,CORREDOR 1 (câm 23) OFFLINE,,4,2026-09-21 LARANJA | 2026-09-22 LARANJA | 2026-09-23 LARANJA | 2026-09-24 LARANJA,
51122_2026-09-19,51122,2026-09-19,01:32,121,Anderson Silva,Via Sudeste Sapopemba,SIM,2026-09-18,VERDE,,,4,2026-09-21 VERDE | 2026-09-22 VERDE | 2026-09-23 VERMELHO | 2026-09-24 VERDE,
51578_2026-09-19,51578,2026-09-19,01:37,119,Anderson Silva,Via Sudeste Sapopemba,SIM,2026-09-18,LARANJA,"CORREDOR 2 (câm 24) ONLINE COM ERRO (SD: error, Gravação: error)",,4,2026-09-21 LARANJA | 2026-09-22 LARANJA | 2026-09-23 LARANJA | 2026-09-24 LARANJA,
52014_2026-09-19,52014,2026-09-19,01:39,118,Anderson Silva,Via Sudeste Sapopemba,SIM,2026-09-18,VERMELHO,FRONTAL (câm 21) OFFLINE; FRENTE (câm 22) OFFLINE; CORREDOR 1 (câm 23) OFFLINE,,4,2026-09-21 VERMELHO | 2026-09-22 VERMELHO | 2026-09-23 VERMELHO | 2026-09-24 VERMELHO,
52021_2026-09-19,52021,2026-09-19,03:44,110,Anderson Silva,Via Sudeste Sapopemba,SIM,2026-09-18,VERDE,,,4,2026-09-21 VERDE | 2026-09-22 VERDE | 2026-09-23 VERDE | 2026-09-24 VERDE,
52024_2026-09-19,52024,2026-09-19,03:49,109,Anderson Silva,Via Sudeste Sapopemba,SIM,2026-09-18,VERDE,,,4,2026-09-21 VERDE | 2026-09-22 VERDE | 2026-09-23 VERDE | 2026-09-24 VERDE,
52119_2026-09-19,52119,2026-09-19,01:35,120,Anderson Silva,Via Sudeste Sapopemba,SIM,2026-09-18,VERDE,,,4,2026-09-21 VERDE | 2026-09-22 VERDE | 2026-09-23 VERDE | 2026-09-24 VERDE,
52904_2026-09-19,52904,2026-09-19,01:26,123,Anderson Silva,Via Sudeste Sapopemba,SIM,2026-09-18,VERMELHO,CORREDOR 4 (câm 26) OFFLINE,,4,2026-09-21 VERMELHO | 2026-09-22 VERMELHO | 2026-09-23 VERMELHO | 2026-09-24 VERMELHO,
52906_2026-09-19,52906,2026-09-19,01:30,122,Anderson Silva,Via Sudeste Sapopemba,SIM,2026-09-18,VERDE,,,4,2026-09-21 VERDE | 2026-09-22 VERDE | 2026-09-23 VERDE | 2026-09-24 VERDE,
61273_2026-09-19,61273,2026-09-19,00:36,127,Jonathan Gonçalves,Viação Grajaú,SIM,2026-09-18,VERDE,,,4,2026-09-21 VERDE | 2026-09-22 VERDE | 2026-09-23 VERDE | 2026-09-24 VERDE,
61282_2026-09-19,61282,2026-09-19,00:18,128,Jonathan Gonçalves,Viação Grajaú,SIM,2026-09-18,LARANJA,"CORREDOR 1 (câm 23) ONLINE COM ERRO (SD: error, Gravação: error)",,4,2026-09-21 LARANJA | 2026-09-22 LARANJA | 2026-09-23 LARANJA | 2026-09-24 LARANJA,
61587_2026-09-19,61587,2026-09-19,00:02,129,Jonathan Gonçalves,Viação Grajaú,SIM,2026-09-18,VERDE,,,4,2026-09-21 VERDE | 2026-09-22 VERDE | 2026-09-23 VERDE | 2026-09-24 VERDE,
61766_2026-09-20,61766,2026-09-20,22:01,106,Jonathan Gonçalves,Viação Grajaú,SIM,2026-09-18,VERMELHO,CORREDOR 4 (câm 26) OFFLINE,,4,2026-09-21 VERMELHO | 2026-09-22 VERDE | 2026-09-23 VERDE | 2026-09-24 VERDE,
31003_2026-09-21,31003,2026-09-21,14:56,97,Luiz Rodrigo,Viação Metrópole Iguatemi,SIM,2026-09-18,VERDE,,VERDE,3,2026-09-22 VERDE | 2026-09-23 VERDE | 2026-09-24 VERDE,
31014_2026-09-21,31014,2026-09-21,08:28,102,Luiz Rodrigo,Viação Metrópole Iguatemi,SIM,2026-09-18,VERDE,,VERMELHO,3,2026-09-22 VERMELHO | 2026-09-23 VERMELHO | 2026-09-24 VERDE,
31120_2026-09-21,31120,2026-09-21,23:09,90,Joel,Viação Metrópole Imperador,SIM,2026-09-18,VERMELHO,CORREDOR 2 (câm 24) OFFLINE,VERMELHO,3,2026-09-22 VERMELHO | 2026-09-23 VERDE | 2026-09-24 VERDE,
31245_2026-09-21,31245,2026-09-21,09:55,101,Luiz Rodrigo,Viação Metrópole Iguatemi,SIM,2026-09-18,VERMELHO,FRONTAL (câm 21) OFFLINE; FRENTE (câm 22) OFFLINE; CORREDOR 1 (câm 23) OFFLINE; CORREDOR 2 (câm 24) OFFLINE; CORREDOR 3 (câm 25) OFFLINE; CORREDOR 4 (câm 26) OFFLINE,VERMELHO,3,2026-09-22 VERMELHO | 2026-09-23 VERMELHO | 2026-09-24 VERMELHO,
31667_2026-09-21,31667,2026-09-21,13:05,98,Luiz Rodrigo,Viação Metrópole Iguatemi,SIM,2026-09-18,VERDE,,VERDE,3,2026-09-22 VERDE | 2026-09-23 VERDE | 2026-09-24 VERDE,
31673_2026-09-21,31673,2026-09-21,11:43,100,Luiz Rodrigo,Viação Metrópole Iguatemi,SIM,2026-09-18,VERDE,,VERDE,3,2026-09-22 VERDE | 2026-09-23 VERDE | 2026-09-24 VERDE,
31859_2026-09-21,31859,2026-09-21,12:42,99,Luiz Rodrigo,Viação Metrópole Iguatemi,SIM,2026-09-18,VERDE,,VERDE,3,2026-09-22 VERDE | 2026-09-23 VERDE | 2026-09-24 VERDE,
52059_2026-09-21,52059,2026-09-21,22:17,94,Anderson Silva,Via Sudeste Sapopemba,SIM,2026-09-18,VERDE,,VERDE,3,2026-09-22 VERDE | 2026-09-23 VERDE | 2026-09-24 VERDE,
52133_2026-09-21,52133,2026-09-21,22:59,91,Gustavo Nunes,Via Sudeste Sapopemba,SIM,2026-09-18,LARANJA,"CORREDOR 4 (câm 26) ONLINE COM ERRO (SD: error, Gravação: error)",LARANJA,3,2026-09-22 VERMELHO | 2026-09-23 VERMELHO | 2026-09-24 VERMELHO,
52734_2026-09-21,52734,2026-09-21,23:44,88,Anderson Silva,Via Sudeste Sapopemba,SIM,2026-09-18,LARANJA,"CORREDOR 2 (câm 24) ONLINE COM ERRO (SD: error, Gravação: error); CORREDOR 4 (câm 26) ONLINE COM ERRO (SD: error, Gravação: error)",LARANJA,0,,
52744_2026-09-21,52744,2026-09-21,22:23,92,Anderson Silva,Via Sudeste Sapopemba,SIM,2026-09-18,VERDE,,VERDE,3,2026-09-22 VERDE | 2026-09-23 VERDE | 2026-09-24 VERDE,
52763_2026-09-21,52763,2026-09-21,22:20,93,Anderson Silva,Via Sudeste Sapopemba,SIM,2026-09-18,LARANJA,"CORREDOR 4 (câm 26) ONLINE COM ERRO (SD: error, Gravação: error)",LARANJA,0,,
61070_2026-09-21,61070,2026-09-21,02:32,103,Jonathan Gonçalves,Viação Grajaú,SIM,2026-09-18,VERMELHO,CORREDOR 4 (câm 26) OFFLINE,VERMELHO,3,2026-09-22 VERMELHO | 2026-09-23 VERMELHO | 2026-09-24 VERMELHO,
61284_2026-09-21,61284,2026-09-21,21:59,96,Jonathan Gonçalves,Viação Grajaú,SIM,2026-09-18,VERDE,,VERDE,3,2026-09-22 VERDE | 2026-09-23 VERDE | 2026-09-24 VERDE,
61295_2026-09-21,61295,2026-09-21,22:15,95,Jonathan Gonçalves,Viação Grajaú,SIM,2026-09-18,VERDE,,VERDE,3,2026-09-22 VERDE | 2026-09-23 VERDE | 2026-09-24 VERDE,
61311_2026-09-21,61311,2026-09-21,01:26,104,Jonathan Gonçalves,Viação Grajaú,SIM,2026-09-18,VERDE,,VERMELHO,3,2026-09-22 VERMELHO | 2026-09-23 VERMELHO | 2026-09-24 VERDE,
61589_2026-09-21,61589,2026-09-21,23:31,89,Jonathan Gonçalves,Viação Grajaú,SIM,2026-09-18,LARANJA,"FRONTAL (câm 21) ONLINE COM ERRO (SD: error, Gravação: error)",LARANJA,3,2026-09-22 VERMELHO | 2026-09-23 LARANJA | 2026-09-24 LARANJA,
61793_2026-09-21,61793,2026-09-21,00:49,105,Jonathan Gonçalves,Viação Grajaú,SIM,2026-09-18,VERMELHO,FRONTAL (câm 21) OFFLINE; FRENTE (câm 22) OFFLINE; CORREDOR 1 (câm 23) OFFLINE; CORREDOR 2 (câm 24) OFFLINE; CORREDOR 3 (câm 25) OFFLINE; CORREDOR 4 (câm 26) OFFLINE,VERMELHO,3,2026-09-22 VERMELHO | 2026-09-23 VERMELHO | 2026-09-24 VERMELHO,
11072_2026-09-22,11072,2026-09-22,02:52,81,Leandro Resende,Santa Brigida,SIM,2026-09-21,VERMELHO,FRONTAL (câm 21) OFFLINE; FRENTE (câm 22) OFFLINE; CORREDOR 1 (câm 23) OFFLINE; CORREDOR 2 (câm 24) OFFLINE; CORREDOR 3 (câm 25) OFFLINE; CORREDOR 4 (câm 26) OFFLINE,VERDE,2,2026-09-23 VERDE | 2026-09-24 VERDE,
11796_2026-09-22,11796,2026-09-22,03:42,79,Leandro Resende,Santa Brigida,SIM,2026-09-21,VERMELHO,FRONTAL (câm 21) OFFLINE; FRENTE (câm 22) OFFLINE; CORREDOR 1 (câm 23) OFFLINE,VERDE,2,2026-09-23 VERDE | 2026-09-24 VERDE,
31157_2026-09-22,31157,2026-09-22,02:58,80,Joel,Viação Metrópole Imperador,SIM,2026-09-21,VERMELHO,FRENTE (câm 22) OFFLINE,VERDE,2,2026-09-23 VERDE | 2026-09-24 VERDE,
31260_2026-09-22,31260,2026-09-22,22:31,75,Rafael Diniz,Viação Metrópole Iguatemi,SIM,2026-09-21,VERMELHO,FRONTAL (câm 21) OFFLINE; FRENTE (câm 22) OFFLINE; CORREDOR 1 (câm 23) OFFLINE; CORREDOR 2 (câm 24) OFFLINE; CORREDOR 3 (câm 25) OFFLINE; CORREDOR 4 (câm 26) OFFLINE,VERMELHO,2,2026-09-23 VERDE | 2026-09-24 VERDE,
31656_2026-09-22,31656,2026-09-22,23:31,74,Gesnei souza,Viação Metrópole Iguatemi,SIM,2026-09-21,VERDE,,LARANJA,2,2026-09-23 VERMELHO | 2026-09-24 VERDE,
31787_2026-09-22,31787,2026-09-22,00:38,86,Joel,Viação Metrópole Imperador,SIM,2026-09-21,LARANJA,"CORREDOR 1 (câm 23) ONLINE COM ERRO (SD: error, Gravação: error)",VERDE,2,2026-09-23 VERDE | 2026-09-24 VERDE,
31927_2026-09-22,31927,2026-09-22,04:26,78,Joel,Viação Metrópole Imperador,SIM,2026-09-21,VERMELHO,FRONTAL (câm 21) OFFLINE,LARANJA,2,2026-09-23 LARANJA | 2026-09-24 LARANJA,
52782_2026-09-22,52782,2026-09-22,21:13,77,Gustavo Nunes,Via Sudeste Sapopemba,SIM,2026-09-21,LARANJA,"CORREDOR 3 (câm 25) ONLINE COM ERRO (SD: error, Gravação: error)",LARANJA,2,2026-09-23 VERDE | 2026-09-24 VERDE,
52943_2026-09-22,52943,2026-09-22,23:42,73,FELIX SECURITY GABRIEL,Via Sudeste Sapopemba,SIM,2026-09-21,VERDE,,VERDE,2,2026-09-23 VERDE | 2026-09-24 VERDE,
61454_2026-09-22,61454,2026-09-22,22:08,76,Jonathan Gonçalves,Viação Grajaú,SIM,2026-09-21,VERMELHO,CORREDOR 1 (câm 23) OFFLINE,VERMELHO,2,2026-09-23 VERDE | 2026-09-24 VERDE,
61651_2026-09-22,61651,2026-09-22,00:37,85,Jonathan Gonçalves,Viação Grajaú,SIM,2026-09-21,VERMELHO,CORREDOR 3 (câm 25) OFFLINE,VERDE,2,2026-09-23 VERDE | 2026-09-24 VERDE,
73004_2026-09-22,73004,2026-09-22,01:51,82,Abner Melo,Viação Metrópole Pinedo,SIM,2026-09-21,VERDE,,VERDE,2,2026-09-23 VERDE | 2026-09-24 VERDE,
73775_2026-09-22,73775,2026-09-22,00:20,87,Abner Melo,Viação Metrópole Pinedo,SIM,2026-09-21,VERMELHO,"CORREDOR 1 (câm 23) ONLINE COM ERRO (SD: error, Gravação: error); CORREDOR 2 (câm 24) ONLINE COM ERRO (SD: error, Gravação: error); CORREDOR 3 (câm 25) OFFLINE; CORREDOR 4 (câm 26) OFFLINE",LARANJA,2,2026-09-23 LARANJA | 2026-09-24 LARANJA,
73840_2026-09-22,73840,2026-09-22,01:39,83,Abner Melo,Viação Metrópole Pinedo,SIM,2026-09-21,VERMELHO,"FRONTAL (câm 21) OFFLINE; CORREDOR 3 (câm 25) ONLINE COM ERRO (SD: error, Gravação: error)",LARANJA,2,2026-09-23 LARANJA | 2026-09-24 LARANJA,
73864_2026-09-22,73864,2026-09-22,00:55,84,Abner Melo,Viação Metrópole Pinedo,SIM,2026-09-21,VERMELHO,CORREDOR 3 (câm 25) OFFLINE; CORREDOR 4 (câm 26) OFFLINE,VERDE,2,2026-09-23 VERMELHO | 2026-09-24 VERMELHO,
31269_2026-09-23,31269,2026-09-23,23:28,52,Joel,Viação Metrópole Imperador,SIM,2026-09-22,LARANJA,"CORREDOR 1 (câm 23) ONLINE COM ERRO (SD: error, Gravação: error)",LARANJA,1,2026-09-24 VERDE,
31738_2026-09-23,31738,2026-09-23,02:38,60,Joel,Viação Metrópole Imperador,SIM,2026-09-22,LARANJA,"FRONTAL (câm 21) ONLINE COM ERRO (SD: error, Gravação: error)",LARANJA,1,2026-09-24 LARANJA,
31750_2026-09-23,31750,2026-09-23,03:10,58,Joel,Viação Metrópole Imperador,SIM,2026-09-22,LARANJA,"FRONTAL (câm 21) ONLINE COM ERRO (SD: error, Gravação: error); CORREDOR 1 (câm 23) ONLINE COM ERRO (SD: error, Gravação: error)",LARANJA,1,2026-09-24 LARANJA,
31753_2026-09-23,31753,2026-09-23,00:06,72,Gesnei souza,Viação Metrópole Iguatemi,SIM,2026-09-22,LARANJA,"FRENTE (câm 22) ONLINE COM ERRO (SD: error, Gravação: error)",VERDE,1,2026-09-24 VERDE,
31760_2026-09-23,31760,2026-09-23,00:43,69,Gesnei souza,Viação Metrópole Iguatemi,SIM,2026-09-22,LARANJA,"FRENTE (câm 22) ONLINE COM ERRO (SD: error, Gravação: error)",LARANJA,1,2026-09-24 LARANJA,
31762_2026-09-23,31762,2026-09-23,01:46,64,Joel,Viação Metrópole Imperador,SIM,2026-09-22,LARANJA,"FRENTE (câm 22) ONLINE COM ERRO (SD: error, Gravação: error)",VERDE,1,2026-09-24 VERDE,
31763_2026-09-23,31763,2026-09-23,03:30,56,Joel,Viação Metrópole Imperador,SIM,2026-09-22,LARANJA,"FRONTAL (câm 21) ONLINE COM ERRO (SD: error, Gravação: error)",VERDE,1,2026-09-24 VERDE,
31795_2026-09-23,31795,2026-09-23,00:14,71,Joel,Viação Metrópole Imperador,SIM,2026-09-22,LARANJA,"CORREDOR 1 (câm 23) ONLINE COM ERRO (SD: error, Gravação: error)",LARANJA,1,2026-09-24 LARANJA,
51218_2026-09-23,51218,2026-09-23,00:49,68,FELIX SECURITY GABRIEL,Via Sudeste Sapopemba,SIM,2026-09-22,LARANJA,"FRONTAL (câm 21) ONLINE COM ERRO (SD: error, Gravação: error); CORREDOR 2 (câm 24) ONLINE COM ERRO (SD: error, Gravação: error); CORREDOR 4 (câm 26) ONLINE COM ERRO (SD: error, Gravação: error)",LARANJA,1,2026-09-24 LARANJA,
52126_2026-09-23,52126,2026-09-23,02:12,61,FELIX SECURITY GABRIEL,Via Sudeste Sapopemba,SIM,2026-09-22,VERDE,,VERDE,1,2026-09-24 VERDE,
52139_2026-09-23,52139,2026-09-23,01:06,65,Anderson Silva,Via Sudeste Sapopemba,SIM,2026-09-22,VERMELHO,FRONTAL (câm 21) OFFLINE; CORREDOR 2 (câm 24) OFFLINE,VERMELHO,1,2026-09-24 VERMELHO,
52718_2026-09-23,52718,2026-09-23,00:32,70,FELIX SECURITY GABRIEL,Via Sudeste Sapopemba,SIM,2026-09-21,VERDE,,,0,,
52752_2026-09-23,52752,2026-09-23,"03:13, 23:22","57, 53",Anderson Silva,Via Sudeste Sapopemba,SIM,2026-09-22,VERMELHO,CORREDOR 4 (câm 26) OFFLINE,VERMELHO,1,2026-09-24 VERDE,
52828_2026-09-23,52828,2026-09-23,04:04,54,Gustavo Nunes,Via Sudeste Sapopemba,SIM,2026-09-22,VERMELHO,"FRONTAL (câm 21) ONLINE COM ERRO (SD: error, Gravação: error); FRENTE (câm 22) OFFLINE",LARANJA,1,2026-09-24 LARANJA,
52868_2026-09-23,52868,2026-09-23,03:55,55,Gustavo Nunes,Via Sudeste Sapopemba,SIM,2026-09-22,VERMELHO,CORREDOR 4 (câm 26) OFFLINE,VERMELHO,1,2026-09-24 VERMELHO,
52903_2026-09-23,52903,2026-09-23,02:02,62,FELIX SECURITY GABRIEL,Via Sudeste Sapopemba,SIM,2026-09-22,VERDE,,VERDE,1,2026-09-24 VERDE,
52911_2026-09-23,52911,2026-09-23,00:52,67,FELIX SECURITY GABRIEL,Via Sudeste Sapopemba,SIM,2026-09-22,LARANJA,"FRONTAL (câm 21) ONLINE COM ERRO (SD: error, Gravação: error); FRENTE (câm 22) ONLINE COM ERRO (SD: error, Gravação: error); CORREDOR 2 (câm 24) ONLINE COM ERRO (SD: error, Gravação: error); CORREDOR 3 (câm 25) ONLINE COM ERRO (SD: error, Gravação: error); CORREDOR 4 (câm 26) ONLINE COM ERRO (SD: error, Gravação: error)",LARANJA,1,2026-09-24 LARANJA,
52922_2026-09-23,52922,2026-09-23,01:51,63,FELIX SECURITY GABRIEL,Via Sudeste Sapopemba,SIM,2026-09-22,VERDE,,VERDE,1,2026-09-24 VERDE,
52923_2026-09-23,52923,2026-09-23,00:56,66,FELIX SECURITY GABRIEL,Via Sudeste Sapopemba,SIM,2026-09-22,LARANJA,"FRONTAL (câm 21) ONLINE COM ERRO (SD: error, Gravação: error)",LARANJA,1,2026-09-24 LARANJA,
61350_2026-09-23,61350,2026-09-23,02:55,59,Jonathan Gonçalves,Viação Grajaú,SIM,2026-09-22,VERMELHO,FRONTAL (câm 21) OFFLINE,LARANJA,1,2026-09-24 LARANJA,
11471_2026-09-24,11471,2026-09-24,03:25,20,Leandro Resende,Santa Brigida,SIM,2026-09-23,LARANJA,"CORREDOR 1 (câm 23) ONLINE COM ERRO (SD: error, Gravação: error)",VERDE,0,,
11754_2026-09-24,11754,2026-09-24,02:24,25,Leandro Resende,Santa Brigida,SIM,2026-09-23,VERDE,,VERDE,0,,
11775_2026-09-24,11775,2026-09-24,03:00,21,Leandro Resende,Santa Brigida,SIM,2026-09-23,VERDE,,VERDE,0,,
11807_2026-09-24,11807,2026-09-24,02:09,28,Leandro Resende,Santa Brigida,SIM,2026-09-23,VERDE,,VERDE,0,,
11829_2026-09-24,11829,2026-09-24,02:39,23,Leandro Resende,Santa Brigida,SIM,2026-09-23,VERDE,,VERDE,0,,
11873_2026-09-24,11873,2026-09-24,00:54,39,Leandro Resende,Santa Brigida,SIM,2026-09-23,VERDE,,VERDE,0,,
11880_2026-09-24,11880,2026-09-24,01:30,36,Leandro Resende,Santa Brigida,SIM,2026-09-23,LARANJA,"FRONTAL (câm 21) ONLINE COM ERRO (SD: error, Gravação: error)",LARANJA,0,,
11903_2026-09-24,11903,2026-09-24,01:49,35,Leandro Resende,Santa Brigida,SIM,2026-09-23,VERDE,,VERDE,0,,
31635_2026-09-24,31635,2026-09-24,09:19,18,Luiz Rodrigo,Viação Metrópole Iguatemi,SIM,2026-09-23,LARANJA,"FRONTAL (câm 21) ONLINE COM ERRO (SD: error, Gravação: error); FRENTE (câm 22) ONLINE COM ERRO (SD: error, Gravação: error)",LARANJA,0,,
31651_2026-09-24,31651,2026-09-24,00:24,45,Joel,Viação Metrópole Imperador,SIM,2026-09-23,LARANJA,"FRONTAL (câm 21) ONLINE COM ERRO (SD: error, Gravação: error); FRENTE (câm 22) ONLINE COM ERRO (SD: error, Gravação: error)",VERDE,0,,
31652_2026-09-24,31652,2026-09-24,01:51,32,Joel,Viação Metrópole Imperador,SIM,2026-09-23,LARANJA,"FRONTAL (câm 21) ONLINE COM ERRO (SD: error, Gravação: error); FRENTE (câm 22) ONLINE COM ERRO (SD: error, Gravação: error)",LARANJA,0,,
31733_2026-09-24,31733,2026-09-24,02:17,26,Joel,Viação Metrópole Imperador,SIM,2026-09-23,VERMELHO,FRENTE (câm 22) OFFLINE,VERDE,0,,
31751_2026-09-24,31751,2026-09-24,01:07,38,Joel,Viação Metrópole Imperador,SIM,2026-09-23,LARANJA,"FRONTAL (câm 21) ONLINE COM ERRO (SD: error, Gravação: error)",VERDE,0,,
31758_2026-09-24,31758,2026-09-24,11:41,16,Luiz Rodrigo,Viação Metrópole Iguatemi,SIM,2026-09-23,VERDE,,VERDE,0,,
31761_2026-09-24,31761,2026-09-24,10:18,17,Luiz Rodrigo,Viação Metrópole Iguatemi,SIM,2026-09-23,VERMELHO,FRONTAL (câm 21) OFFLINE,VERDE,0,,
31786_2026-09-24,31786,2026-09-24,00:01,51,Joel,Viação Metrópole Imperador,SIM,2026-09-23,LARANJA,"FRONTAL (câm 21) ONLINE COM ERRO (SD: error, Gravação: error)",VERDE,0,,
51004_2026-09-24,51004,2026-09-24,00:46,41,Gustavo Nunes,Via Sudeste Sapopemba,SIM,2026-09-23,VERMELHO,FRENTE (câm 22) OFFLINE; CORREDOR 1 (câm 23) OFFLINE,VERDE,0,,
51574_2026-09-24,51574,2026-09-24,00:44,42,Gustavo Nunes,Via Sudeste Sapopemba,SIM,2026-09-23,LARANJA,"CORREDOR 4 (câm 26) ONLINE COM ERRO (SD: error, Gravação: error)",VERDE,0,,
51579_2026-09-24,51579,2026-09-24,00:10,49,FELIX SECURITY GABRIEL,Via Sudeste Sapopemba,SIM,2026-09-23,VERDE,,VERDE,0,,
52111_2026-09-24,52111,2026-09-24,00:30,44,FELIX SECURITY GABRIEL,Via Sudeste Sapopemba,SIM,2026-09-23,VERDE,,VERDE,0,,
52113_2026-09-24,52113,2026-09-24,02:16,27,FELIX SECURITY GABRIEL,Via Sudeste Sapopemba,SIM,2026-09-23,VERDE,,VERDE,0,,
52127_2026-09-24,52127,2026-09-24,01:45,34,FELIX SECURITY GABRIEL,Via Sudeste Sapopemba,SIM,2026-09-23,VERDE,,VERDE,0,,
52132_2026-09-24,52132,2026-09-24,02:05,29,FELIX SECURITY GABRIEL,Via Sudeste Sapopemba,SIM,2026-09-23,LARANJA,"FRONTAL (câm 21) ONLINE COM ERRO (SD: error, Gravação: error); FRENTE (câm 22) ONLINE COM ERRO (SD: error, Gravação: error)",LARANJA,0,,
52145_2026-09-24,52145,2026-09-24,00:24,46,FELIX SECURITY GABRIEL,Via Sudeste Sapopemba,SIM,2026-09-23,VERDE,,VERDE,0,,
52712_2026-09-24,52712,2026-09-24,01:57,31,FELIX SECURITY GABRIEL,Via Sudeste Sapopemba,SIM,2026-09-23,VERDE,,VERDE,0,,
52748_2026-09-24,52748,2026-09-24,00:48,40,Gustavo Nunes,Via Sudeste Sapopemba,SIM,2026-09-23,LARANJA,"FRONTAL (câm 21) ONLINE COM ERRO (SD: error, Gravação: error); FRENTE (câm 22) ONLINE COM ERRO (SD: error, Gravação: error)",VERDE,0,,
52767_2026-09-24,52767,2026-09-24,22:40,15,Anderson Silva,Via Sudeste Sapopemba,SIM,2026-09-23,LARANJA,"FRONTAL (câm 21) ONLINE COM ERRO (SD: error, Gravação: error); FRENTE (câm 22) ONLINE COM ERRO (SD: error, Gravação: error); CORREDOR 2 (câm 24) ONLINE COM ERRO (SD: error, Gravação: error); CORREDOR 4 (câm 26) ONLINE COM ERRO (SD: error, Gravação: error)",LARANJA,0,,
52799_2026-09-24,52799,2026-09-24,00:07,50,FELIX SECURITY GABRIEL,Via Sudeste Sapopemba,SIM,2026-09-23,VERDE,,VERDE,0,,
52838_2026-09-24,52838,2026-09-24,00:15,48,FELIX SECURITY GABRIEL,Via Sudeste Sapopemba,SIM,2026-09-23,VERDE,,VERDE,0,,
52935_2026-09-24,52935,2026-09-24,00:20,47,FELIX SECURITY GABRIEL,Via Sudeste Sapopemba,SIM,2026-09-23,VERDE,,VERDE,0,,
68603_2026-09-24,68603,2026-09-24,01:55,30,Rafael Menezes Rocha,A2 Transportes,SIM,2026-09-23,VERMELHO,FRONTAL (câm 21) OFFLINE,VERDE,0,,
68652_2026-09-24,68652,2026-09-24,02:35,24,Rafael Menezes Rocha,A2 Transportes,SIM,2026-09-23,VERDE,,VERDE,0,,
73219_2026-09-24,73219,2026-09-24,03:22,19,John Lima,Viação Metrópole M'Boi Mirim,SIM,2026-09-23,VERDE,,VERDE,0,,
73612_2026-09-24,73612,2026-09-24,02:45,22,John Lima,Viação Metrópole M'Boi Mirim,SIM,2026-09-23,VERDE,,VERDE,0,,
73776_2026-09-24,73776,2026-09-24,01:50,33,Abner Melo,Viação Metrópole Pinedo,SIM,2026-09-23,VERMELHO,"FRONTAL (câm 21) OFFLINE; CORREDOR 1 (câm 23) ONLINE COM ERRO (SD: error, Gravação: error); CORREDOR 3 (câm 25) ONLINE COM ERRO (SD: error, Gravação: error); CORREDOR 4 (câm 26) ONLINE COM ERRO (SD: error, Gravação: error)",VERMELHO,0,,
73796_2026-09-24,73796,2026-09-24,01:25,37,Abner Melo,Viação Metrópole Pinedo,SIM,2026-09-23,VERMELHO,FRONTAL (câm 21) OFFLINE,VERDE,0,,
73803_2026-09-24,73803,2026-09-24,00:37,43,Abner Melo,Viação Metrópole Pinedo,SIM,2026-09-23,VERMELHO,FRONTAL (câm 21) OFFLINE,VERDE,0,,
11457_2026-09-25,11457,2026-09-25,03:10,9,Leandro Resende,Santa Brigida,SIM,2026-09-24,LARANJA,"CORREDOR 1 (câm 23) ONLINE COM ERRO (SD: error, Gravação: error)",,0,,
11677_2026-09-25,11677,2026-09-25,03:50,5,Leandro Resende,Santa Brigida,SIM,2026-09-24,VERDE,,,0,,
11682_2026-09-25,11682,2026-09-25,04:02,4,Leandro Resende,Santa Brigida,SIM,2026-09-24,VERDE,,,0,,
11694_2026-09-25,11694,2026-09-25,03:43,6,Leandro Resende,Santa Brigida,SIM,2026-09-24,VERDE,,,0,,
11786_2026-09-25,11786,2026-09-25,03:32,7,Leandro Resende,Santa Brigida,SIM,2026-09-24,LARANJA,"CORREDOR 1 (câm 23) ONLINE COM ERRO (SD: error, Gravação: error)",,0,,
11857_2026-09-25,11857,2026-09-25,03:19,8,Leandro Resende,Santa Brigida,SIM,2026-09-24,VERDE,,,0,,
11874_2026-09-25,11874,2026-09-25,02:28,11,Leandro Resende,Santa Brigida,SIM,2026-09-24,VERDE,,,0,,
11883_2026-09-25,11883,2026-09-25,01:51,13,Leandro Resende,Santa Brigida,SIM,2026-09-24,VERDE,,,0,,
52714_2026-09-25,52714,2026-09-25,04:23,3,Gustavo Nunes,Via Sudeste Sapopemba,SIM,2026-09-24,LARANJA,"FRENTE (câm 22) ONLINE COM ERRO (SD: error, Gravação: error); CORREDOR 2 (câm 24) ONLINE COM ERRO (SD: error, Gravação: error)",,0,,
52907_2026-09-25,52907,2026-09-25,01:49,12,Anderson Silva,Via Sudeste Sapopemba,SIM,2026-09-24,VERMELHO,"CORREDOR 1 (câm 23) ONLINE COM ERRO (SD: error, Gravação: error); CORREDOR 2 (câm 24) ONLINE COM ERRO (SD: error, Gravação: error); CORREDOR 4 (câm 26) OFFLINE",,0,,
68508_2026-09-25,68508,2026-09-25,02:50,10,Rafael Menezes Rocha,A2 Transportes,SIM,2026-09-24,LARANJA,"FRENTE (câm 22) ONLINE COM ERRO (SD: error, Gravação: error)",,0,,
73381_2026-09-25,73381,2026-09-25,09:40,2,John Lima,Viação Metrópole M'Boi Mirim,SIM,2026-09-24,VERMELHO,FRONTAL (câm 21) OFFLINE,,0,,
73642_2026-09-25,73642,2026-09-25,01:18,14,John Lima,Viação Metrópole M'Boi Mirim,SIM,2026-09-24,VERMELHO,CORREDOR 4 (câm 26) OFFLINE,,0,,
