evento,prefixo,data_manutencao,tipo,data,camera,situacao
31005_2026-09-11,31005,2026-09-11,RECORRÊNCIA NA MESMA CÂMERA,2026-09-22,FRONTAL (câm 21),OFFLINE
31093_2026-09-11,31093,2026-09-11,NOVO PROBLEMA EM OUTRA CÂMERA (não é recorrência),2026-09-15,CORREDOR 1 (câm 23),OFFLINE
31093_2026-09-11,31093,2026-09-11,NOVO PROBLEMA EM OUTRA CÂMERA (não é recorrência),2026-09-15,CORREDOR 2 (câm 24),OFFLINE
31093_2026-09-11,31093,2026-09-11,NOVO PROBLEMA EM OUTRA CÂMERA (não é recorrência),2026-09-15,CORREDOR 4 (câm 26),OFFLINE
31590_2026-09-11,31590,2026-09-11,RECORRÊNCIA NA MESMA CÂMERA,2026-09-16,CORREDOR 2 (câm 24),"ONLINE COM ERRO (SD: error, Gravação: error)"
32960_2026-09-11,32960,2026-09-11,RECORRÊNCIA NA MESMA CÂMERA,2026-09-23,FRONTAL (câm 21),"ONLINE COM ERRO (SD: error, Gravação: error)"
32960_2026-09-11,32960,2026-09-11,NOVO PROBLEMA EM OUTRA CÂMERA (não é recorrência),2026-09-17,CORREDOR 1 (câm 23),"ONLINE COM ERRO (SD: error, Gravação: error)"
32039_2026-09-12,32039,2026-09-12,NOVO PROBLEMA EM OUTRA CÂMERA (não é recorrência),2026-09-21,CORREDOR 1 (câm 23),"ONLINE COM ERRO (SD: error, Gravação: error)"
32062_2026-09-14,32062,2026-09-14,RECORRÊNCIA NA MESMA CÂMERA,2026-09-22,CORREDOR 1 (câm 23),OFFLINE
32616_2026-09-14,32616,2026-09-14,RECORRÊNCIA NA MESMA CÂMERA,2026-09-23,FRONTAL (câm 21),"ONLINE COM ERRO (SD: error, Gravação: error)"
51022_2026-09-14,51022,2026-09-14,RECORRÊNCIA NA MESMA CÂMERA,2026-09-21,FRONTAL (câm 21),OFFLINE
51022_2026-09-14,51022,2026-09-14,RECORRÊNCIA NA MESMA CÂMERA,2026-09-21,CORREDOR 1 (câm 23),OFFLINE
31182_2026-09-15,31182,2026-09-15,RECORRÊNCIA NA MESMA CÂMERA,2026-09-18,CORREDOR 2 (câm 24),OFFLINE
31182_2026-09-15,31182,2026-09-15,RECORRÊNCIA NA MESMA CÂMERA,2026-09-18,CORREDOR 3 (câm 25),"ONLINE COM ERRO (SD: error, Gravação: error)"
31299_2026-09-15,31299,2026-09-15,NOVO PROBLEMA EM OUTRA CÂMERA (não é recorrência),2026-09-16,CORREDOR 3 (câm 25),OFFLINE
31299_2026-09-15,31299,2026-09-15,NOVO PROBLEMA EM OUTRA CÂMERA (não é recorrência),2026-09-16,CORREDOR 4 (câm 26),OFFLINE
11044_2026-09-16,11044,2026-09-16,NOVO PROBLEMA EM OUTRA CÂMERA (não é recorrência),2026-09-22,FRONTAL (câm 21),OFFLINE
31503_2026-09-16,31503,2026-09-16,NOVO PROBLEMA EM OUTRA CÂMERA (não é recorrência),2026-09-22,FRONTAL (câm 21),"ONLINE COM ERRO (SD: error, Gravação: error)"
31622_2026-09-16,31622,2026-09-16,RECORRÊNCIA NA MESMA CÂMERA,2026-09-21,FRENTE (câm 22),"ONLINE COM ERRO (SD: error, Gravação: error)"
31755_2026-09-16,31755,2026-09-16,RECORRÊNCIA NA MESMA CÂMERA,2026-09-21,CORREDOR 1 (câm 23),"ONLINE COM ERRO (SD: error, Gravação: error)"
31818_2026-09-16,31818,2026-09-16,NOVO PROBLEMA EM OUTRA CÂMERA (não é recorrência),2026-09-23,CORREDOR 4 (câm 26),OFFLINE
31964_2026-09-16,31964,2026-09-16,NOVO PROBLEMA EM OUTRA CÂMERA (não é recorrência),2026-09-17,CORREDOR 2 (câm 24),OFFLINE
31980_2026-09-16,31980,2026-09-16,RECORRÊNCIA NA MESMA CÂMERA,2026-09-21,CORREDOR 1 (câm 23),"ONLINE COM ERRO (SD: error, Gravação: error)"
31984_2026-09-16,31984,2026-09-16,NOVO PROBLEMA EM OUTRA CÂMERA (não é recorrência),2026-09-22,CORREDOR 2 (câm 24),"ONLINE COM ERRO (SD: error, Gravação: error)"
51057_2026-09-16,51057,2026-09-16,NOVO PROBLEMA EM OUTRA CÂMERA (não é recorrência),2026-09-21,FRENTE (câm 22),OFFLINE
52936_2026-09-16,52936,2026-09-16,NOVO PROBLEMA EM OUTRA CÂMERA (não é recorrência),2026-09-21,CORREDOR 1 (câm 23),OFFLINE
61327_2026-09-16,61327,2026-09-16,RECORRÊNCIA NA MESMA CÂMERA,2026-09-22,CORREDOR 1 (câm 23),OFFLINE
73362_2026-09-16,73362,2026-09-16,RECORRÊNCIA NA MESMA CÂMERA,2026-09-24,FRONTAL (câm 21),OFFLINE
11695_2026-09-17,11695,2026-09-17,RECORRÊNCIA NA MESMA CÂMERA,2026-09-23,CORREDOR 1 (câm 23),OFFLINE
31180_2026-09-17,31180,2026-09-17,NOVO PROBLEMA EM OUTRA CÂMERA (não é recorrência),2026-09-21,CORREDOR 2 (câm 24),"ONLINE COM ERRO (SD: error, Gravação: error)"
31972_2026-09-17,31972,2026-09-17,RECORRÊNCIA NA MESMA CÂMERA,2026-09-24,CORREDOR 3 (câm 25),"ONLINE COM ERRO (SD: error, Gravação: error)"
52104_2026-09-18,52104,2026-09-18,NOVO PROBLEMA EM OUTRA CÂMERA (não é recorrência),2026-09-22,FRONTAL (câm 21),OFFLINE
52104_2026-09-18,52104,2026-09-18,NOVO PROBLEMA EM OUTRA CÂMERA (não é recorrência),2026-09-22,CORREDOR 1 (câm 23),OFFLINE
52104_2026-09-18,52104,2026-09-18,NOVO PROBLEMA EM OUTRA CÂMERA (não é recorrência),2026-09-22,CORREDOR 3 (câm 25),OFFLINE
52749_2026-09-18,52749,2026-09-18,RECORRÊNCIA NA MESMA CÂMERA,2026-09-23,CORREDOR 2 (câm 24),OFFLINE
52796_2026-09-18,52796,2026-09-18,RECORRÊNCIA NA MESMA CÂMERA,2026-09-24,CORREDOR 1 (câm 23),OFFLINE
52796_2026-09-18,52796,2026-09-18,NOVO PROBLEMA EM OUTRA CÂMERA (não é recorrência),2026-09-24,FRENTE (câm 22),"ONLINE COM ERRO (SD: error, Gravação: error)"
31165_2026-09-19,31165,2026-09-19,NOVO PROBLEMA EM OUTRA CÂMERA (não é recorrência),2026-09-21,CORREDOR 2 (câm 24),"ONLINE COM ERRO (SD: error, Gravação: error)"
51121_2026-09-19,51121,2026-09-19,NOVO PROBLEMA EM OUTRA CÂMERA (não é recorrência),2026-09-21,FRONTAL (câm 21),"ONLINE COM ERRO (SD: error, Gravação: error)"
61766_2026-09-20,61766,2026-09-20,NOVO PROBLEMA EM OUTRA CÂMERA (não é recorrência),2026-09-21,FRONTAL (câm 21),OFFLINE
61766_2026-09-20,61766,2026-09-20,NOVO PROBLEMA EM OUTRA CÂMERA (não é recorrência),2026-09-21,FRENTE (câm 22),OFFLINE
61766_2026-09-20,61766,2026-09-20,NOVO PROBLEMA EM OUTRA CÂMERA (não é recorrência),2026-09-21,CORREDOR 1 (câm 23),OFFLINE
61766_2026-09-20,61766,2026-09-20,NOVO PROBLEMA EM OUTRA CÂMERA (não é recorrência),2026-09-21,CORREDOR 2 (câm 24),OFFLINE
61766_2026-09-20,61766,2026-09-20,NOVO PROBLEMA EM OUTRA CÂMERA (não é recorrência),2026-09-21,CORREDOR 3 (câm 25),OFFLINE
61589_2026-09-21,61589,2026-09-21,NOVO PROBLEMA EM OUTRA CÂMERA (não é recorrência),2026-09-22,CORREDOR 2 (câm 24),OFFLINE
31927_2026-09-22,31927,2026-09-22,NOVO PROBLEMA EM OUTRA CÂMERA (não é recorrência),2026-09-23,CORREDOR 3 (câm 25),"ONLINE COM ERRO (SD: error, Gravação: error)"
31927_2026-09-22,31927,2026-09-22,NOVO PROBLEMA EM OUTRA CÂMERA (não é recorrência),2026-09-23,CORREDOR 4 (câm 26),"ONLINE COM ERRO (SD: error, Gravação: error)"
