arquivo,abas,aba_utilizada,abas_ignoradas,registros,data_confere_com_nome
Relatório CFTV - 01.09.2026.xlsx,"Tabela, Relatório CFTV - 01.09.2026",Relatório CFTV - 01.09.2026,"Tabela (ignorada: contém 1 tabela(s) dinâmica(s) (resumo), não é base de registros)",5120,True
Relatório CFTV - 02.09.2026.xlsx,"Tabela, Relatório CFTV - 02.09.2026",Relatório CFTV - 02.09.2026,"Tabela (ignorada: contém 1 tabela(s) dinâmica(s) (resumo), não é base de registros)",5150,True
Relatório CFTV - 03.09.2026.xlsx,"Tabela, Relatório CFTV - 03.09.2026",Relatório CFTV - 03.09.2026,"Tabela (ignorada: contém 1 tabela(s) dinâmica(s) (resumo), não é base de registros)",5164,True
Relatório CFTV - 04.09.2026.xlsx,"Tabela, Relatório CFTV - 04.09.2026",Relatório CFTV - 04.09.2026,"Tabela (ignorada: contém 1 tabela(s) dinâmica(s) (resumo), não é base de registros)",4526,True
Relatório CFTV - 08.09.2026.xlsx,"Tabela, Relatório CFTV - 08.09.2026",Relatório CFTV - 08.09.2026,"Tabela (ignorada: contém 1 tabela(s) dinâmica(s) (resumo), não é base de registros)",5072,True
Relatório CFTV - 09.09.2026.xlsx,"Tabela, Relatório CFTV - 09.09.2026",Relatório CFTV - 09.09.2026,"Tabela (ignorada: contém 1 tabela(s) dinâmica(s) (resumo), não é base de registros)",5124,True
Relatório CFTV - 10.09.2026.xlsx,"Tabela, Relatório CFTV - 10.09.2026",Relatório CFTV - 10.09.2026,"Tabela (ignorada: contém 1 tabela(s) dinâmica(s) (resumo), não é base de registros)",5133,True
Relatório CFTV - 11.09.2026.xlsx,"Tabela, Relatório CFTV - 11.09.2026",Relatório CFTV - 11.09.2026,"Tabela (ignorada: contém 1 tabela(s) dinâmica(s) (resumo), não é base de registros)",5151,True
Relatório CFTV - 15.09.2026.xlsx,"Tabela, Relatório CFTV - 15.09.2026",Relatório CFTV - 15.09.2026,"Tabela (ignorada: contém 1 tabela(s) dinâmica(s) (resumo), não é base de registros)",5162,True
Relatório CFTV - 16.09.2026.xlsx,"Tabela, Relatório CFTV - 16.09.2026",Relatório CFTV - 16.09.2026,"Tabela (ignorada: contém 1 tabela(s) dinâmica(s) (resumo), não é base de registros)",5188,True
Relatório CFTV - 17.09.2026.xlsx,"Tabela, Relatório CFTV - 17.09.2026",Relatório CFTV - 17.09.2026,"Tabela (ignorada: contém 1 tabela(s) dinâmica(s) (resumo), não é base de registros)",5184,True
Relatório CFTV - 18.09.2026.xlsx,"Tabela, Relatório CFTV - 18.09.2026",Relatório CFTV - 18.09.2026,"Tabela (ignorada: contém 1 tabela(s) dinâmica(s) (resumo), não é base de registros)",5184,True
Relatório CFTV - 21.09.2026.xlsx,"Tabela, Relatório CFTV - 21.09.2026",Relatório CFTV - 21.09.2026,"Tabela (ignorada: contém 1 tabela(s) dinâmica(s) (resumo), não é base de registros)",5233,True
Relatório CFTV - 22.09.2026.xlsx,"Tabela, Relatório CFTV - 22.09.2026",Relatório CFTV - 22.09.2026,"Tabela (ignorada: contém 1 tabela(s) dinâmica(s) (resumo), não é base de registros)",5228,True
Relatório CFTV - 23.09.2026.xlsx,"Tabela, Relatório CFTV - 23.09.2026",Relatório CFTV - 23.09.2026,"Tabela (ignorada: contém 1 tabela(s) dinâmica(s) (resumo), não é base de registros)",5240,True
Relatório CFTV - 24.09.2026.xlsx,"Tabela, Relatório CFTV - 24.09.2026",Relatório CFTV - 24.09.2026,"Tabela (ignorada: contém 1 tabela(s) dinâmica(s) (resumo), não é base de registros)",5250,True
Revisão_CFTV2026-09-25_13_34_23.xlsx,"Sheet1, Planilha1",Sheet1,Planilha1 (auxiliar (sem cabeçalho de respostas do formulário: Prefixo + Problemas/Ações por câmera)),324,
